Unnamed: 0.1,Unnamed: 0,id,title,author,issue,volume,venue,page,pub_date,type,publisher,editor,omid,langdetect,langdetect_prob,langid,langid_prob,overall,winner
4842748,4842748,omid:br/0670238286 pmid:34696187 doi:10.3390/vaccines9101079,Proteome-Wide Mapping And Reverse Vaccinology Approaches To Design A Multi-Epitope Vaccine Against Clostridium Perfringens,"Aldakheel, Fahad M [omid:ra/061028530 orcid:0000-0001-8047-8650]; Abrar, Amna [omid:ra/0670636207]; Munir, Samman [omid:ra/0670636208]; Aslam, Sehar [omid:ra/0670636209]; Allemailem, Khaled [omid:ra/0615013061 orcid:0000-0002-6486-9835]; Khurshid, Mohsin [omid:ra/0614010805 orcid:0000-0002-3196-2857]; Ashfaq, Usman A [omid:ra/06408838 orcid:0000-0002-5495-805X]",10,9.0,Vaccines [omid:br/061404042 issn:2076-393X doi:10.3390/vaccines],1079-1079,2021-09-26,journal article,Mdpi Ag [omid:ra/0610116165 crossref:1968],,omid:br/0670238286,en,0.9999957229186076,la,0.9373258352279664,en,langdetect
4447050,4447050,omid:br/061203541471 doi:10.3390/cancers14215405,Cancer Cachexia Among Patients With Advanced Non-Small-Cell Lung Cancer On Immunotherapy: An Observational Study With Exploratory Gut Microbiota Analysis,"Hakozaki, Taiki [omid:ra/06306767 orcid:0000-0002-9980-4417]; Nolin-Lapalme, Alexis [omid:ra/061209605194]; Kogawa, Masato [omid:ra/061209605195]; Okuma, Yusuke [omid:ra/061209605196 orcid:0000-0001-5743-0149]; Nakamura, Shohei [omid:ra/061209605197]; Moreau-Amaru, Danielle [omid:ra/061209605198]; Tamura, Taichi [omid:ra/061209605199]; Hosomi, Yukio [omid:ra/061209605200 orcid:0000-0002-3849-5905]; Takeyama, Haruko [omid:ra/061209605201]; Richard, Corentin [omid:ra/061209605202]; Hosokawa, Masahito [omid:ra/061209605203]; Routy, Bertrand [omid:ra/061209605204]",21.0,14,Cancers [omid:br/0624012964 issn:2072-6694 doi:10.3390/cancers],5405-5405,2022-11-02,journal article,Mdpi Ag [omid:ra/0610116165 crossref:1968],,omid:br/061203541471,en,0.9999945133543164,en,1.0,en,langid
9049223,9049223,omid:br/061902727265 doi:10.1007/s10614-021-10109-6,Numerical Simulation Of Non-cooperative And Cooperative Equilibrium Solutions For A Stochastic Government Debt Stabilization Game,"Nikooeinejad, Z. [omid:ra/061907695165]; Heydari, M. [omid:ra/061907695166]; Saffarzadeh, M. [omid:ra/061907695167]; Loghmani, G. B. [omid:ra/061907695168]; Engwerda, J. [omid:ra/061907695169]",2,59.0,Computational Economics [omid:br/0611062114 issn:0927-7099 issn:0921-2736 issn:1572-9974],775-801,2021-03-15,journal article,Springer Science And Business Media Llc [omid:ra/0610116006 crossref:297],,omid:br/061902727265,en,0.999994158657512,en,0.998184621334076,en,langdetect
1483001,1483001,omid:br/06301187662 doi:10.1177/0146167220916622,Gendered White Lies: Women Are Given Inflated Performance Feedback Compared With Men,"Jampol, Lily [omid:ra/06303547446]; Zayas, Vivian [omid:ra/0626064778 orcid:0000-0002-9534-3721]",1,47,Personality And Social Psychology Bulletin [omid:br/0614024915 issn:0146-1672 issn:1552-7433],57-69,2020-05-18,journal article,Sage Publications [omid:ra/0610116008 crossref:179],,omid:br/06301187662,en,0.9999960355779008,en,1.0,en,langid
11040231,11040231,omid:br/061701870972 pmid:31964420 doi:10.1186/s42358-019-0108-2,Treatment Data From The Brazilian Fibromyalgia Registry (EpiFibro),"Assis, Marcos Renato [omid:ra/0612016866 orcid:0000-0002-6567-4570]; Dos Santos Paiva, Eduardo [omid:ra/061705531315]; Helfenstein, Milton [omid:ra/061705531316]; Heymann, Roberto Ezequiel [omid:ra/061705531317]; Pollak, Daniel Feldman [omid:ra/061705531318]; Provenza, Jose Roberto [omid:ra/061705531319]; Ranzolin, Aline [omid:ra/061705531320]; Rezende, Marcelo Cruz [omid:ra/061705531321]; Ribeiro, Luiz Severiano [omid:ra/061705531322]; Souza, Eduardo José R. [omid:ra/061705531323]; Martinez, José Eduardo [omid:ra/0619053473 orcid:0000-0002-3864-6822]",1,60.0,Advances In Rheumatology [omid:br/061701871431 issn:2523-3106],,2020-01-21,journal article,Springer Science And Business Media Llc [omid:ra/0610116006 crossref:297],,omid:br/061701870972,en,0.7142815934778146,en,0.99999737739563,en,langid
5763110,5763110,omid:br/062301260899 doi:10.17826/cumj.976851,Effect Of Xanthogranulomatous Cholecystitis On Surgery,"Altiok, Merih [omid:ra/062303694390]; Kurt, Feyzi [omid:ra/062303694391]",4,46.0,Cukurova Medical Journal [omid:br/062301261726 issn:2602-3032],1351-1359,2021-12-30,journal article,Cukurova Medical Journal [omid:ra/0670114192 crossref:7261],,omid:br/062301260899,en,0.9999970659813268,lt,0.4261776506900787,en,langdetect
2975905,2975905,omid:br/06702299594 doi:10.1007/978-3-030-54359-4_3,Neurobiology Of The Control Of Sleep,"DelRosso, Lourdes M. [omid:ra/06706885255]; Wrede, Joanna E. [omid:ra/06706885256]; Lockhart, Carey T. [omid:ra/06706885257]; Cardinali, Daniel P. [omid:ra/06706885258]",,,Sleep Neurology [omid:br/06702300016 isbn:9783030543594 doi:10.1007/978-3-030-54359-4 isbn:9783030543587],31-44,2020-11-13,book chapter,Springer Science And Business Media Llc [omid:ra/0610116006 crossref:297],,omid:br/06702299594,en,0.9999948145422194,en,0.9999986886978148,en,langid
1511314,1511314,omid:br/06110150441 doi:10.1186/s12870-019-2059-5 pmid:31638916,The Interplay Between miR156/SPL13 And DFR/WD40–1 Regulate Drought Tolerance In Alfalfa,"Feyissa, Biruk A. [omid:ra/061605498 orcid:0000-0003-4028-9411]; Arshad, Muhammad [omid:ra/06110362549]; Gruber, Margaret Y. [omid:ra/06110362550]; Kohalmi, Susanne E. [omid:ra/06110362551]; Hannoufa, Abdelali [omid:ra/061605499 orcid:0000-0003-0064-620X]",1,19,BMC Plant Biology [omid:br/06202636 issn:1471-2229],,2019-10-21,journal article,Springer Science And Business Media Llc [omid:ra/0610116006 crossref:297],,omid:br/06110150441,en,0.9999960491426793,en,1.0,en,langid
10897687,10897687,omid:br/06230499596 doi:10.1093/jmicro/dfz045,LS-1 Local Electronic Structure Analysis And Its Mapping By STEM-EELS,"Haruta, Mitsutaka [omid:ra/062301395523]",Supplement_1,68,Microscopy [omid:br/06230500521 issn:2161-038X issn:2050-5698 issn:2050-5701],33-33,2019-11-01,journal article,Oxford University Press (Oup) [omid:ra/0610116027 crossref:286],,omid:br/06230499596,en,0.999996585135711,en,0.9999772310256958,en,langdetect
6180662,6180662,omid:br/061803919044 doi:10.3390/rs15061597,Assessing The Prospects Of Remote Sensing Maize Leaf Area Index Using UAV-Derived Multi-Spectral Data In Smallholder Farms Across The Growing Season,"Buthelezi, Siphiwokuhle [omid:ra/0618010926233]; Chimonyo, Vimbayi G. P. [omid:ra/0618010926234]; Clulow, Ad [omid:ra/0622026951 orcid:0000-0001-8803-8780]; Mabhaudhi, Tafadzwanashe [omid:ra/0618010925770 orcid:0000-0002-9323-8127]; Mutanga, Onisimo [omid:ra/0618010926235 orcid:0000-0002-7358-8111]; Odindi, John [omid:ra/0618010926236]; Sibanda, Mbulisi [omid:ra/0618010925771 orcid:0000-0002-4589-7099]",6,15.0,Remote Sensing [omid:br/0611043237 issn:2072-4292],1597-1597,2023-03-15,journal article,Mdpi Ag [omid:ra/0610116165 crossref:1968],,omid:br/061803919044,en,0.9999964774563076,en,1.0,en,langid
4979810,4979810,omid:br/06101387350 doi:10.1017/nps.2019.21,Approaches To Kurdish Autonomy In The Middle East,"Gunes, Cengiz [omid:ra/06104047842]",2,48.0,Nationalities Papers [omid:br/0612029937 issn:0090-5992 issn:1465-3923],323-338,2019-10-23,journal article,Cambridge University Press (Cup) [omid:ra/0610116004 crossref:56],,omid:br/06101387350,en,0.9999962033486124,en,0.9985380172729492,en,langdetect
10120486,10120486,omid:br/06404597623 doi:10.50821/glytoucan-g28543tt,GlyTouCan ID G28543TT,"木下, 聖子 [omid:ra/064013023862]",,,,,2021-06-29,dataset,"Glycan & Life Systems Integration Center, Soka University [omid:ra/064013023863]",,omid:br/06404597623,en,0.9999957454614902,en,0.169461503624916,en,langdetect
8773881,8773881,omid:br/0660763764 doi:10.1177/0363546519868213 pmid:31433670,Increased Chondrocytic Gene Expression Is Associated With Improved Repair Tissue Quality And Graft Survival In Patients After Autologous Chondrocyte Implantation,"Ackermann, Jakob [omid:ra/06602228658]; Merkely, Gergo [omid:ra/06602228659]; Mestriner, Alexandre Barbieri [omid:ra/06602228660]; Shah, Nehal [omid:ra/06602228661]; Gomoll, Andreas H. [omid:ra/06602228662]",12,47,The American Journal Of Sports Medicine [omid:br/0617016761 issn:1552-3365 issn:0363-5465],2919-2926,2019-08-21,journal article,Sage Publications [omid:ra/0610116008 crossref:179],,omid:br/0660763764,en,0.99999680060426,en,1.0,en,langid
5936414,5936414,omid:br/062302825090 doi:10.1080/15614263.2020.1848565,The Impact Of Context On Real-Life Serious Crime Interviews,"Leahy-Harland, Samantha [omid:ra/062307972298]; Bull, Ray [omid:ra/062307972299]",1,22.0,Police Practice And Research [omid:br/062302825977 issn:1561-4263 issn:1477-271X],1009-1026,2020-11-25,journal article,Informa Uk Limited [omid:ra/0610116005 crossref:301],,omid:br/062302825090,en,0.9999967021628388,en,0.9995562434196472,en,langdetect
10542730,10542730,omid:br/060498505 doi:10.5281/zenodo.4690964,FIGUIRE 61. Tenucephalus Brevilamina N In Revision Of The New World Leafhopper Tribe Faltalini (Hemiptera: Cicadellidae: Deltocephalinae) And The Evolution Of Brachyptery,"Zahniser, James N. [omid:ra/0601727999]",,,,,2021-04-13,,Zenodo [omid:ra/0601728000],,omid:br/060498505,en,0.9999955106949538,en,1.0,en,langid
3979453,3979453,omid:br/062403434707 doi:10.1007/s10840-022-01343-5 pmid:35974118,"A New Insight Into The Different Approaches For The Ablation Of para-Hisian Accessory Pathways: Safety, Effectiveness, And Mechanism","Pang, Yang [omid:ra/062409306330]; Chen, Qingxing [omid:ra/062409306331]; Xu, Ye [omid:ra/062409306332]; Cheng, Kuan [omid:ra/062409306333]; Ling, Yunlong [omid:ra/062409306334]; Ge, Junbo [omid:ra/062409306335]; Zhu, Wenqing [omid:ra/06130420991 orcid:0000-0001-8229-0934]",,,Journal Of Interventional Cardiac Electrophysiology [omid:br/06802998 issn:1383-875X issn:1572-8595],,2022-08-16,journal article,Springer Science And Business Media Llc [omid:ra/0610116006 crossref:297],,omid:br/062403434707,en,0.999996737988415,en,1.0,en,langid
3083937,3083937,omid:br/06450125984 doi:10.1007/978-1-0716-2651-1_21,Autofluorescence Imaging To Evaluate Retinal Disease Progression In Rodent,"Cheng, Chia-Hua [omid:ra/06450358568]; Cui, Xuan [omid:ra/06450358569]; Tsang, Stephen H. [omid:ra/06450358570]",,,Methods In Molecular Biology [omid:br/06450126607 isbn:9781071626511 isbn:9781071626504],229-232,2022-12-09,book chapter,Springer Science And Business Media Llc [omid:ra/0610116006 crossref:297],,omid:br/06450125984,en,0.7752339478813445,en,0.9999204874038696,en,langid
5450484,5450484,omid:br/062603078035 pmid:31792190 doi:10.1073/pnas.1918895116,"Demographic Change, Political Backlash, And Challenges In The Study Of Geography","Enos, Ryan D. [omid:ra/062608520365]",50,116,Proceedings Of The National Academy Of Sciences [omid:br/0621062545 issn:0027-8424 issn:1091-6490 doi:10.1073/pnas],24916-24918,2019-12-02,journal article,Proceedings Of The National Academy Of Sciences [omid:ra/0680114368 crossref:341],,omid:br/062603078035,en,0.9999975715723424,en,1.0,en,langid
7613638,7613638,omid:br/0640404463 doi:10.1007/s12517-021-08925-z,"Influence Of Depositional Environment On Coal Quality In Jangwa-Shankodi And Lafia-Obi Areas, Central Benue Trough, North-Central Nigeria","Amobi, Johnson Ogonna [omid:ra/06401160710]; Ekpo, Itohowo Moses [omid:ra/06401160711]; Ekwenye, Ogechi Clementina [omid:ra/06401160712]; Oha, Ifeanyi Andrew [omid:ra/06401160713]; Emedo, Chidubem Okwudiri [omid:ra/06401160714]",23,14,Arabian Journal Of Geosciences [omid:br/061106357 issn:1866-7511 issn:1866-7538],,2021-11-24,journal article,Springer Science And Business Media Llc [omid:ra/0610116006 crossref:297],,omid:br/0640404463,en,0.9999943760157812,en,1.0,en,langid
932946,932946,omid:br/061901498689 doi:10.1080/10106049.2021.2007296,Geomorphometric Analysis Of Nearshore Sedimentary Bedforms From High-Resolution Multi-Temporal Satellite-Derived Bathymetry,"Alevizos, Evangelos [omid:ra/061904462702]; Roussos, Anastasios [omid:ra/061904462703]; Alexakis, Dimitrios D. [omid:ra/061904462704]",,,Geocarto International [omid:br/061036107 issn:1752-0762 issn:1010-6049],1-18,2021-11-25,journal article,Informa Uk Limited [omid:ra/0610116005 crossref:301],,omid:br/061901498689,en,0.9999961324577692,en,0.9999995231628418,en,langid
5468781,5468781,omid:br/062302303398 doi:10.3390/engproc2021012085,Comparative Optical And Thermal Analysis Of Compound Parabolic Solar Collector With Fixed And Variable Concentration Ratio,"Riaz, Hamza [omid:ra/062306776531]; Ali, Muzaffar [omid:ra/063097781 orcid:0000-0003-4276-5215]; Akhtar, Javed [omid:ra/062306776532]; Muhammad, Rashid [omid:ra/062306776533]; Kaleem, Muhammad [omid:ra/062306776534]",,,"The 1St International Conference On Energy, Power And Environment [omid:br/062302304388]",,2022-01-18,proceedings article,Mdpi Ag [omid:ra/0610116165 crossref:1968],,omid:br/062302303398,en,0.9999953864757936,en,1.0,en,langid
1908708,1908708,omid:br/0650398844 doi:10.1007/s12517-021-08075-2,RETRACTED ARTICLE: Prediction Of Urban Pollution Particles And Nutritional Safety Monitoring Of Protein Food Based On Image Processing,"Ling, Wei [omid:ra/06501168886]",17,14.0,Arabian Journal Of Geosciences [omid:br/061106357 issn:1866-7511 issn:1866-7538],,2021-08-13,journal article,Springer Science And Business Media Llc [omid:ra/0610116006 crossref:297],,omid:br/0650398844,en,0.9999974440307748,en,0.9999362230300904,en,langdetect
9897377,9897377,omid:br/06202536751 doi:10.1177/1527476420976120,"The Angelus: Devotional Television, Changing Times","McCarthy, Anna [omid:ra/06207378768]",1,22.0,Television & New Media [omid:br/06202537866 issn:1527-4764 issn:1552-8316],12-31,2020-11-30,journal article,Sage Publications [omid:ra/0610116008 crossref:179],,omid:br/06202536751,en,0.9999969783970584,en,0.9998915195465088,en,langdetect
1565694,1565694,omid:br/06280175544 doi:10.3390/admsci13040111,Women Entrepreneurship: Challenges And Perspectives Of An Emerging Economy,"Ahmetaj, Bardhyl [omid:ra/06280508657]; Hysa, Eglantina [omid:ra/066012406300 orcid:0000-0002-3429-5738]; Kruja, Alba Demneri [omid:ra/06280508658 orcid:0000-0002-6902-1489]",4,13.0,Administrative Sciences [omid:br/062202594373 issn:2076-3387],111-111,2023-04-13,journal article,Mdpi Ag [omid:ra/0610116165 crossref:1968],,omid:br/06280175544,en,0.9999944763673784,fr,0.6709337830543518,en,langdetect
178949,178949,omid:br/061101316791 doi:10.1038/s41467-022-29616-7 pmid:35413953,Trade-off Between Tree Planting And Wetland Conservation In China,"Xi, Yi [omid:ra/061041247 orcid:0000-0003-2654-4615]; Peng, Shushi [omid:ra/062019133 orcid:0000-0001-5098-726X]; Liu, Gang [omid:ra/061103983078]; Ducharne, Agnès [omid:ra/061041248 orcid:0000-0002-6550-3413]; Ciais, Philippe [omid:ra/0616013817 orcid:0000-0001-8560-4943]; Prigent, Catherine [omid:ra/061103983079]; Li, Xinyu [omid:ra/061103983080]; Tang, Xutao [omid:ra/061103983081]",1,13,Nature Communications [omid:br/0623032092 issn:2041-1723 doi:10.1038/41467.2041-1723],,2022-04-12,journal article,Springer Science And Business Media Llc [omid:ra/0610116006 crossref:297],,omid:br/061101316791,en,0.9999966629562688,en,0.9994058609008788,en,langdetect
4232525,4232525,omid:br/062401422694 doi:10.15275/rusomj.2019.0204,"Frequency Of Waterpipe Smoking And Its Effective Factors Among Students Of State Universities In Kerman, Iran","Momeni, Mohsen [omid:ra/0613073098 orcid:0000-0002-9513-3046]; Sharifi, Parvaneh [omid:ra/062404311364 orcid:0000-0002-3841-9347]; Ghari, Ebrahim [omid:ra/062404311365 orcid:0000-0001-8335-4258]; Safizade, Hossein [omid:ra/06102306 orcid:0000-0003-1760-5172]",2,8,Russian Open Medical Journal [omid:br/0622042830 issn:2304-3415 doi:10.15275/rusomj],e0204-e0204,2019-06-27,journal article,Llc Science And Innovations [omid:ra/0620116242 crossref:5945],,omid:br/062401422694,en,0.9999950977906836,en,0.9998385906219482,en,langdetect
359247,359247,omid:br/06190262725 doi:10.1186/s12917-021-02743-x pmid:33468123,"Prevalence, Distribution And Risk Factors For Brucellosis Infection In Goat Farms In Ningxiang, China","Li, Yin [omid:ra/0619017804 orcid:0000-0001-5720-5267]; Tan, Dan [omid:ra/06190746756]; Xue, Shuang [omid:ra/06190746757]; Shen, Chaojian [omid:ra/06190746758]; Ning, Huajie [omid:ra/06190746759]; Cai, Chang [omid:ra/06190746760]; Liu, Zengzai [omid:ra/06190746761]",1,17,BMC Veterinary Research [omid:br/062503941 issn:1746-6148],,2021-01-19,journal article,Springer Science And Business Media Llc [omid:ra/0610116006 crossref:297],,omid:br/06190262725,en,0.9999971784269478,en,0.7263827323913574,en,langdetect
1650369,1650369,omid:br/061303887795 doi:10.1155/2023/4805466,Benzylated Sulfamethoxazole Derivatives With Improved Safety Profile As Potential Anti-Mycobacterium Tuberculosis And Antibacterial Agents,"Leboho, Tlabo C. [omid:ra/0613010787186 orcid:0000-0002-9952-6381]; Maepa, Judas M. [omid:ra/0613010787187]",,2023,Journal Of Chemistry [omid:br/065045985 issn:2090-9071 doi:10.1155/2962 issn:2090-9063],1-12,2023-09-12,journal article,Hindawi Limited [omid:ra/0610116069 crossref:98],"Afshari, Mozhgan [omid:ra/0613010787188]",omid:br/061303887795,en,0.9999979234754962,en,0.9999982118606568,en,langid
6549504,6549504,omid:br/06203881991 doi:10.25159/2522-6800/11283,Intervention In Response To Atrocities: The Contribution Of The African Union To International Law,"Tladi, Dire [omid:ra/062010459843]",,,Southern African Public Law [omid:br/061201215840 issn:2522-6800 issn:2219-6412],,2022-08-12,journal article,Unisa Press [omid:ra/0620115548 crossref:10792],,omid:br/06203881991,en,0.9999973864427286,en,1.0,en,langid
10127915,10127915,omid:br/06450123711 doi:10.3390/bioengineering10030287,(Bio)printing In Personalized Medicine—Opportunities And Potential Benefits,"Bakova, Desislava [omid:ra/06450351636]; Hristozova, Maria [omid:ra/06450351637]; Kasnakova, Petya [omid:ra/06450351638]; Mihaylova, Anna [omid:ra/0612054148 orcid:0000-0002-7674-6074]; Sarafian, Victoria [omid:ra/06450351639 orcid:0000-0003-1501-0175]; Sbirkov, Yordan [omid:ra/06450351640]; Semerdzhieva, Mariya [omid:ra/06450351641]; Shopova, Dobromira [omid:ra/06450350143 orcid:0000-0003-1287-930X]; Yaneva, Antoniya [omid:ra/06450351642]",3,10.0,Bioengineering [omid:br/062039027 issn:2306-5354],287-287,2023-02-23,journal article,Mdpi Ag [omid:ra/0610116165 crossref:1968],,omid:br/06450123711,en,0.8571405910909068,de,0.5168247222900391,en,langdetect
6796692,6796692,omid:br/0619069613 doi:10.1136/heartjnl-2019-315707 pmid:32522821,Recent Advances In Percutaneous Coronary Intervention,"Hoole, Stephen P [omid:ra/0621060607 orcid:0000-0002-3530-3808]; Bambrough, Paul [omid:ra/06190118168]",18,106.0,Heart [omid:br/06201080 issn:1355-6037 issn:1468-201X],1380-1386,2020-06-10,journal article,Bmj [omid:ra/0610116003 crossref:239],,omid:br/0619069613,en,0.9999960567694433,en,0.9895080327987672,en,langdetect
10730527,10730527,omid:br/06120137072 doi:10.1080/1061186x.2020.1757099 pmid:32306773,Location Of Stimuli-Responsive Peptide Sequences Within Silk-Elastinlike Protein-Based Polymers Affects Nanostructure Assembly And Drug–Polymer Interactions,"Isaacson, Kyle [omid:ra/0614020796 orcid:0000-0002-5765-916X]; Jensen, M. Martin [omid:ra/06120356846]; Steinhauff, Douglas B. [omid:ra/06120356847]; Kirklow, James E. [omid:ra/06120356848]; Mohammadpour, Raziye [omid:ra/063066349 orcid:0000-0002-6155-6518]; Grunberger, Jason William [omid:ra/0611072874 orcid:0000-0003-0436-5501]; Cappello, Joseph [omid:ra/06120356849]; Ghandehari, Hamidreza [omid:ra/06120356850]",7-8,28.0,Journal Of Drug Targeting [omid:br/06202483 issn:1029-2330 issn:1026-7158 issn:1061-186X],766-779,2020-04-29,journal article,Informa Uk Limited [omid:ra/0610116005 crossref:301],,omid:br/06120137072,en,0.9999978834644612,en,1.0,en,langid
8269524,8269524,omid:br/062101202111 doi:10.30794/pausbed.992507,"SOSYAL MEDYA, ALGILANAN KALİTE Ve AĞIZDAN AĞIZA İLETİŞİMİN HASTANE MARKA İMAJIYLA İLİŞKİSİ","Zengi̇N, Yasemin [omid:ra/062103589236]; Uslu Di̇Vanoğlu, Sevilay [omid:ra/062103589237]; Sağlam, Şengül [omid:ra/062103589238]",,,Pamukkale University Journal Of Social Sciences Institute [omid:br/062101202961 issn:1308-2922 issn:2147-6985],,2021-10-26,journal article,Pamukkale University [omid:ra/0620115700 crossref:4742],,omid:br/062101202111,tr,0.9999965768537518,az,0.9801939725875854,tr,langdetect
2424247,2424247,omid:br/06230803733 pmid:31441681 doi:10.1080/14786419.2019.1656624,Chemical Investigation Of Secondary Metabolites Produced By Mangrove Endophytic Fungus Phyllosticta Capitalensis,"Xu, Zhiyong [omid:ra/062302374148]; Xiong, Bingxue [omid:ra/062302374149]; Xu, Jing [omid:ra/0618046777 orcid:0000-0002-6201-5318]",9,35.0,Natural Product Research [omid:br/0612015004 issn:1478-6427 issn:1478-6419],1561-1565,2019-08-23,journal article,Informa Uk Limited [omid:ra/0610116005 crossref:301],,omid:br/06230803733,en,0.9999963789876096,en,0.9999955892562866,en,langdetect
4293463,4293463,omid:br/0640323637 pmid:34531986 doi:10.1002/fsn3.2315,lncRNA FEZF1‐AS1 Regulates Biological Behaviors Of Cervical Cancer By Targeting miRNA‐1254,"Liang, Miao [omid:ra/0640909773]; Li, Yongkang [omid:ra/0640909774]; Dai, Tingting [omid:ra/0640909775]; Chen, Cheng [omid:ra/0640909776 orcid:0000-0003-4227-6796]",9,9.0,Food Science & Nutrition [omid:br/061305689 issn:2048-7177],4722-4737,2021-07-14,journal article,Wiley [omid:ra/0610116001 crossref:311],,omid:br/0640323637,en,0.9999973526409603,en,0.9805903434753418,en,langdetect
8282229,8282229,omid:br/06603958879 doi:10.1155/2022/4938811,MicroRNA 101 Attenuated NSCLC Proliferation Through IDH2/HIFα Axis Suppression In The Warburg Effect,"Han, Le [omid:ra/066010855744]; Zhang, Yili [omid:ra/066010855745]; Zhao, Bin [omid:ra/066010855746]; Yue, Jianren [omid:ra/066010855747]; Chen, Zhenghong [omid:ra/066010855748 orcid:0000-0002-0519-6634]; Lei, Guangyan [omid:ra/066010855749]; Huang, Chen [omid:ra/066010855750 orcid:0000-0002-0683-0502]; Chen, Wenjuan [omid:ra/066010855751 orcid:0000-0002-6217-6672]",,2022.0,Oxidative Medicine And Cellular Longevity [omid:br/0614046488 issn:1942-0900 issn:1942-0994],1-12,2022-10-18,journal article,Hindawi Limited [omid:ra/0610116069 crossref:98],"Roy, Subhadeep [omid:ra/066010855752]",omid:br/06603958879,en,0.9999964783203754,en,0.9999998807907104,en,langid
4697877,4697877,omid:br/062402068688 doi:10.14710/jtsiskom.2020.13733,Maturity Classification Of Cacao Through Spectrogram And Convolutional Neural Network,"Bueno, Gilbert E. [omid:ra/062406268234]; Valenzuela, Kristine A. [omid:ra/062406268235]; Arboleda, Edwin R. [omid:ra/062406268236]",3,8.0,Jurnal Teknologi Dan Sistem Komputer [omid:br/062402069033 issn:2620-4002 issn:2338-0403],228-233,2020-06-04,journal article,Institute Of Research And Community Services Diponegoro University (Lppm Undip) [omid:ra/0620115711 crossref:5716],,omid:br/062402068688,en,0.9999942893268324,en,1.0,en,langid
3102802,3102802,omid:br/062204109129 doi:10.50821/glytoucan-g63667je,GlyTouCan ID G63667JE,"木下, 聖子 [omid:ra/0622011485205]",,,,,2021-06-29,dataset,"Glycan & Life Systems Integration Center, Soka University [omid:ra/0622011485206]",,omid:br/062204109129,en,0.9999954537597862,en,0.169461503624916,en,langdetect
7364889,7364889,omid:br/062502261333 doi:10.30687/978-88-6969-381-6/002,La Gramaticalización De Lo Que Es Como Operador Discursivo,"González Pérez, Rosario [omid:ra/062506874042]",,,"Lexicalización, Léxico Y Lexicografía En La Historia Del Español [omid:br/062502262267]",,2019-12-14,book chapter,Edizioni Ca Foscari [omid:ra/0610116835 crossref:12144],,omid:br/062502261333,es,0.9999965135448567,es,0.9884069561958312,es,langdetect
980368,980368,omid:br/06803012559 pmid:34438798 doi:10.3390/ani11082341,Application Of Non-Destructive Methods: Biomarker Assays In Blood Of White Stork (Ciconia Ciconia) Nestlings,"Bjedov, Dora [omid:ra/06808747861 orcid:0000-0003-1059-7907]; Mikuška, Alma [omid:ra/06808747862]; Lackmann, Carina [omid:ra/06808747863]; Begović, Lidija [omid:ra/0614013871 orcid:0000-0002-3674-6686]; Mikuška, Tibor [omid:ra/06808747864]; Velki, Mirna [omid:ra/0626045762 orcid:0000-0003-1342-0138]",8.0,11.0,Animals [omid:br/068056130 issn:2076-2615],2341-2341,2021-08-08,journal article,Mdpi Ag [omid:ra/0610116165 crossref:1968],,omid:br/06803012559,en,0.9999961087202296,en,0.8983979225158691,en,langdetect
7270987,7270987,omid:br/06210183078 doi:10.3389/feart.2022.694939,"Crystal-Chemical And Structural Characterization Of Omphacite In High-Pressure Eclogites From The Arquía Complex On Southwestern Pijao, Central Cordillera (Colombian Andes)","Castellanos-Alarcón, Oscar Mauricio [omid:ra/06210494840]; Cedeño Villarreal, Karoll Michelle [omid:ra/06210494841]; Toro Hernández, Robert Antonio [omid:ra/06210494842]; Ríos-Reyes, Carlos Alberto [omid:ra/06210494843]; Henao-Martínez, José Antonio [omid:ra/06210494844]; Zuluaga-Castrillón, Carlos Augusto [omid:ra/06210494845]",,10,Frontiers In Earth Science [omid:br/062102747 issn:2296-6463 doi:10.3389/feart],,2022-01-24,journal article,Frontiers Media Sa [omid:ra/0610116108 crossref:1965],,omid:br/06210183078,en,0.999995906333075,es,0.8123825192451477,en,langdetect
3734793,3734793,omid:br/06402366206 doi:10.18470/1992-1098-2021-4-236-241,"Review Of The Monograph By N.G. Gadzhiev, S.A. Konovalenko, M.N. Trofimov, “Theoretical Aspects Of The Formation And Development Of Ecological Economics In Russia. Moscow, Infra‐M Publ., 2022, 169 P.”","Gadzhiev, A. A. [omid:ra/06406886132 orcid:0000-0002-7359-1951]",4,16.0,"South Of Russia: Ecology, Development [omid:br/06402366728 issn:1992-1098 issn:2413-0958]",236-241,2022-01-10,journal article,Institute Of Applied Ecology [omid:ra/06406886113 crossref:7745],,omid:br/06402366206,en,0.9999970297542669,en,1.0,en,langid
6501979,6501979,omid:br/06302272325 doi:10.3390/math8091600,Numerical Non-Linear Modelling Algorithm Using Radial Kernels On Local Mesh Support,"Navarro-González, Francisco José [omid:ra/0619091647 orcid:0000-0001-8164-1931]; Villacampa, Yolanda [omid:ra/0614049245 orcid:0000-0003-0803-8700]; Cortés-Molina, Mónica [omid:ra/0621091640 orcid:0000-0001-5780-7057]; Ivorra, Salvador [omid:ra/0614015467 orcid:0000-0002-8647-8173]",9,8.0,Mathematics [omid:br/068046256 issn:2227-7390],1600-1600,2020-09-17,journal article,Mdpi Ag [omid:ra/0610116165 crossref:1968],,omid:br/06302272325,en,0.9999943668434034,en,0.9997230172157288,en,langdetect
10502128,10502128,omid:br/061102443499 doi:10.21511/im.16(2).2020.08,How Artificial Intelligence Can Change The Core Of Marketing Theory,"Grandinetti, Roberto [omid:ra/0621013411 orcid:0000-0001-7736-9074]",2,16.0,Innovative Marketing [omid:br/061102443997 issn:1816-6326 issn:1814-2427],91-103,2020-06-10,journal article,Llc Cpc Business Perspectives [omid:ra/0610116849 crossref:8959],,omid:br/061102443499,en,0.9999962649666948,en,1.0,en,langid
7824219,7824219,omid:br/061302037799 pmid:31601572 doi:10.1136/archdischild-2019-318224,"High Flow In Bronchiolitis, But How High? What Flow Rates Should We Use?","Arshad, Fawaz [omid:ra/061306183725]",3,105.0,Archives Of Disease In Childhood [omid:br/0623047740 doi:10.1136/archdischild issn:0003-9888 issn:1468-2044],304-306,2019-10-10,journal article,Bmj [omid:ra/0610116003 crossref:239],,omid:br/061302037799,en,0.9999968252663672,en,1.0,en,langid
1852119,1852119,omid:br/061403836311 doi:10.1109/iscc58397.2023.10217997,Comparative Study Of LBP And HOG Feature Extraction Techniques For COVID-19 Pneumonia Classification,"Ahmed, Nourin [omid:ra/0614010739879]; Kobti, Ziad [omid:ra/0614010739880]; Vij, Namarta [omid:ra/0614010739881]",,,2023 IEEE Symposium On Computers And Communications (ISCC) [omid:br/061403836709],,2023-07-09,proceedings article,Institute Of Electrical And Electronics Engineers (Ieee) [omid:ra/0610116052 crossref:263],,omid:br/061403836311,en,0.9999956737153576,fr,0.8279061317443848,en,langdetect
3673298,3673298,omid:br/062601575193 doi:10.4324/9781351169400 isbn:9781351169400,A Pedagogy Of Equality In A Time Of Unrest,"Säfström, Carl Anders [omid:ra/062604667451]",,,,,2020-09-07,book,Informa Uk Limited [omid:ra/0610116005 crossref:301],,omid:br/062601575193,en,0.9999948760464814,en,0.9936856627464294,en,langdetect
251057,251057,omid:br/06802317499 doi:10.3390/su12145574,Introducing Sustainability In A Robotic Engineering Degree: A Case Study,"Pujol, Francisco [omid:ra/061802024 orcid:0000-0002-6503-2076]; Tomás, David [omid:ra/0619047252 orcid:0000-0003-3287-9366]",14,12,Sustainability [omid:br/0618046556 issn:2071-1050],5574-5574,2020-07-10,journal article,Mdpi Ag [omid:ra/0610116165 crossref:1968],,omid:br/06802317499,en,0.999997298819934,en,0.9996557235717772,en,langdetect
10130090,10130090,omid:br/06180339723 doi:10.1007/s11151-021-09834-x,The Price Effects Of Competition From Parallel Imports And Therapeutic Alternatives: Using Dynamic Models To Estimate The Causal Effect On The Extensive And Intensive Margins,"Granlund, David [omid:ra/06180968075 orcid:0000-0003-4467-8676]",1,60.0,Review Of Industrial Organization [omid:br/062205963 issn:0889-938X issn:1573-7160],63-92,2021-08-12,journal article,Springer Science And Business Media Llc [omid:ra/0610116006 crossref:297],,omid:br/06180339723,en,0.9999954267226828,en,1.0,en,langid
7149496,7149496,omid:br/061201019757 doi:10.1175/jcli-d-19-0275.1,Understanding Skill Of Seasonal Mean Precipitation Prediction Over California During Boreal Winter And Role Of Predictability Limits,"Kumar, Arun [omid:ra/061203081088]; Chen, Mingyue [omid:ra/061203081089]",14,33.0,Journal Of Climate [omid:br/0618024166 issn:1520-0442 issn:0894-8755],6141-6163,2020-07-15,journal article,American Meteorological Society [omid:ra/0610116295 crossref:12],,omid:br/061201019757,en,0.999996122810703,en,1.0,en,langid
11066817,11066817,omid:br/060452484 doi:10.5281/zenodo.4454453,"FIGURE 4 In A New Species Of Trimma (Pisces: Gobiidae) From Western Thailand, North-Eastern Indian Ocean","Winterbottom, Richard [omid:ra/0604748 orcid:0000-0003-3361-3252]",,,,,2021-01-21,,Zenodo [omid:ra/0601590514],,omid:br/060452484,en,0.9999981039882262,en,0.7994309663772583,en,langdetect
4071899,4071899,omid:br/06290139637 doi:10.3390/agriculture13091735,The Results Of Experimental Studies Of The Physical And Mechanical Properties Of An Elastic-Plastic Material For Tribological Properties During Separation,"Aksenov, Alexander [omid:ra/06290393658]; Didmanidze, Otari [omid:ra/06290393659]; Dorokhov, Alexey [omid:ra/06290393660]; Godyaeva, Maria [omid:ra/06290393661]; Mosyakov, Maksim [omid:ra/066012361976 orcid:0000-0002-5151-7312]; Sazonov, Nikolay [omid:ra/06290393662 orcid:0000-0002-4899-9197]; Sibirev, Alexey [omid:ra/06290393663]",9,13.0,Agriculture [omid:br/061041662 issn:2077-0472],1735-1735,2023-09-01,journal article,Mdpi Ag [omid:ra/0610116165 crossref:1968],,omid:br/06290139637,en,0.9999949199941266,en,1.0,en,langid
4520631,4520631,omid:br/06340151876 doi:10.1109/icce56470.2023.10043517,Mobility Control Of Avoiding Interference For Autonomous Mobile Robot Ad Hoc Networks,"Hirai, Takeshi [omid:ra/06340424936]; Makino, Kota [omid:ra/06340424937]; Murase, Tutomu [omid:ra/06340424938]",,,2023 IEEE International Conference On Consumer Electronics (ICCE) [omid:br/06340152733],,2023-01-06,proceedings article,Institute Of Electrical And Electronics Engineers (Ieee) [omid:ra/0610116052 crossref:263],,omid:br/06340151876,en,0.9999966466864288,en,0.9997066855430604,en,langdetect
2756279,2756279,omid:br/06902325013 doi:10.1117/12.2522655,Convolutional Neural Network Based Medical Images Integrity Verification,"Hou, Pengliang [omid:ra/06906868250]",,,Tenth International Conference On Signal Processing Systems [omid:br/06902325983],,2019-04-17,proceedings article,SPIE-Intl Soc Optical Eng [omid:ra/0610116017 crossref:189],,omid:br/06902325013,en,0.9999942091143612,en,0.9999974966049194,en,langid
2304792,2304792,omid:br/061102216529 pmid:34414018 doi:10.1177/2167702620902119,Randomized Controlled Trial Testing Mobile-Based Attention-Bias Modification For Posttraumatic Stress Using Personalized Word Stimuli,"Niles, Andrea Nicole [omid:ra/065052737 orcid:0000-0003-0363-5442]; Woolley, Joshua D. [omid:ra/061106726286]; Tripp, Paige [omid:ra/061106726287]; Pesquita, Ana [omid:ra/061106726288]; Vinogradov, Sophia [omid:ra/061106726289]; Neylan, Thomas C. [omid:ra/061106726290]; O’Donovan, Aoife [omid:ra/061106726291]",4,8,Clinical Psychological Science [omid:br/061102217140 issn:2167-7026 issn:2167-7034],756-772,2020-06-05,journal article,Sage Publications [omid:ra/0610116008 crossref:179],,omid:br/061102216529,en,0.9999960726794886,en,0.9999386072158812,en,langdetect
5768795,5768795,omid:br/0650735166 doi:10.1007/s11033-021-06677-3 pmid:34468910,Changes In The Expression Level Of Genes Encoding Transcription Factors And Cell Wall-Related Proteins During Meloidogyne Arenaria Infection Of Maize (Zea Mays),"Przybylska, Arnika [omid:ra/067043438 orcid:0000-0001-9486-4501]; Spychalski, Maciej [omid:ra/06502147614]",10,48.0,Molecular Biology Reports [omid:br/063014754 issn:1573-4978 issn:0301-4851],6779-6786,2021-09-01,journal article,Springer Science And Business Media Llc [omid:ra/0610116006 crossref:297],,omid:br/0650735166,en,0.999996500262698,en,0.9999998807907104,en,langid
3095898,3095898,omid:br/06902254300 doi:10.1007/978-3-319-69892-2_373-1,Social Security Disability Insurance,"Yin, Na [omid:ra/06906716657]",,,Encyclopedia Of Gerontology And Population Aging [omid:br/0614044228 doi:10.1007/978-3-319-69892-2 isbn:9783319698922],1-6,2019-10-15,book chapter,Springer Science And Business Media Llc [omid:ra/0610116006 crossref:297],,omid:br/06902254300,en,0.9999970346952124,en,0.9982419013977052,en,langdetect
10024989,10024989,omid:br/062503998501 doi:10.1007/s10661-023-11121-z,Biophysical And Biochemical Features’ Feedback Associated With A Flood Episode In A Tropical River Basin Model,"Ahmed, S. H. [omid:ra/0625011320779 orcid:0000-0002-8954-9942]; Bellanthudawa, B. K. A. [omid:ra/0625011320780 orcid:0000-0002-1830-8949]; Halwatura, D. [omid:ra/0625011320781 orcid:0000-0002-0135-4690]; Kendaragama, K. M. N. [omid:ra/0625011320782]; Nawalage, N. M. S. K. [omid:ra/0625011320783 orcid:0000-0002-9635-1563]; Neththipola, M. M. T. D. [omid:ra/0625011320784 orcid:0000-0002-6393-5554]",4,195.0,Environmental Monitoring And Assessment [omid:br/06608381 issn:0167-6369 issn:1573-2959],,2023-03-23,journal article,Springer Science And Business Media Llc [omid:ra/0610116006 crossref:297],,omid:br/062503998501,en,0.9999972455561008,en,0.999995231628418,en,langdetect
6014458,6014458,omid:br/06150865319 doi:10.1111/csp2.298,A Decade And A Half Of Learning From Madagascar's First Locally Managed Marine Area,"Gardner, Charlie J [omid:ra/0611012328 orcid:0000-0002-2750-3690]; Cripps, Garth [omid:ra/061502591813]; Day, Liz Prémesnil [omid:ra/061502591814]; Dewar, Katrina [omid:ra/061502591815]; Gough, Charlotte [omid:ra/061502591816]; Peabody, Shawn [omid:ra/061502591817]; Tahindraza, Gilde [omid:ra/061502591818]; Harris, Alasdair [omid:ra/061502591819]",12,2,Conservation Science And Practice [omid:br/06150865941 issn:2578-4854],,2020-10-14,journal article,Wiley [omid:ra/0610116001 crossref:311],,omid:br/06150865319,en,0.9999945501803188,en,1.0,en,langid
9835515,9835515,omid:br/06903578570 doi:10.12775/tis.2021.004,Development Of The Russian Anti Access/Anti Denial (A2/Ad) Concept As A Threat To Nato And Poland,"Radomyski, Adam [omid:ra/0612091498 orcid:0000-0001-7522-308X]",14,1,Torun International Studies [omid:br/06202803090 issn:2391-7601 issn:2391-4920],41-54,2021-07-31,journal article,Uniwersytet Mikolaja Kopernika/Nicolaus Copernicus University [omid:ra/0610116733 crossref:5093],,omid:br/06903578570,en,0.9999960062613704,en,0.991883397102356,en,langdetect
247162,247162,omid:br/061101950167 doi:10.3390/su14063251,Flood Hazard And Risk Mapping By Applying An Explainable Machine Learning Framework Using Satellite Imagery And GIS Data,"Antzoulatos, Gerasimos [omid:ra/0623072738 orcid:0000-0002-7424-8928]; Kouloglou, Ioannis-Omiros [omid:ra/061105932831 orcid:0000-0002-1404-0500]; Bakratsas, Marios [omid:ra/0611092114 orcid:0000-0001-5430-0840]; Moumtzidou, Anastasia [omid:ra/068036944 orcid:0000-0001-7615-8400]; Gialampoukidis, Ilias [omid:ra/064026788 orcid:0000-0002-5234-9795]; Karakostas, Anastasios [omid:ra/061105932832]; Lombardo, Francesca [omid:ra/061105932833]; Fiorin, Roberto [omid:ra/061105932834]; Norbiato, Daniele [omid:ra/061105932835]; Ferri, Michele [omid:ra/061105932836]; Symeonidis, Andreas [omid:ra/0624021745 orcid:0000-0003-0235-6046]; Vrochidis, Stefanos [omid:ra/064026789 orcid:0000-0002-2505-9178]; Kompatsiaris, Ioannis [omid:ra/061509884 orcid:0000-0001-6447-9020]",6,14.0,Sustainability [omid:br/0618046556 issn:2071-1050],3251-3251,2022-03-10,journal article,Mdpi Ag [omid:ra/0610116165 crossref:1968],,omid:br/061101950167,en,0.9999970114462012,en,0.9999871253967284,en,langdetect
1021111,1021111,omid:br/06490145483 doi:10.1007/s10495-023-01826-4,Phloretin Induces G2/M Arrest And Apoptosis By Suppressing The Β-Catenin Signaling Pathway In Colorectal Carcinoma Cells,"Kapoor, Smita [omid:ra/06490422953]; Padwad, Yogendra S. [omid:ra/06490422954]",5-6,28.0,Apoptosis [omid:br/063022596 issn:1573-675X issn:1360-8185],810-829,2023-03-08,journal article,Springer Science And Business Media Llc [omid:ra/0610116006 crossref:297],,omid:br/06490145483,en,0.9999961232567804,en,0.9454469680786132,en,langdetect
1482545,1482545,omid:br/06301184989 doi:10.9779/pauefd.825631,Öğretmen Yapımı Bir Testteki Maddelerin Değişen Madde Fonksiyonu Bağlamında İncelenmesi,"Aybek, Eren Can [omid:ra/06303539972]; Yaşar, Metin [omid:ra/06303539973]; Kartal, Seval [omid:ra/06303539974]",,,Pamukkale University Journal Of Education [omid:br/06301185685 issn:1301-0085],,2021-02-09,journal article,Pamukkale University [omid:ra/0620115700 crossref:4742],,omid:br/06301184989,tr,0.9999969223267672,tr,1.0,tr,langid
5381556,5381556,omid:br/06260522239 doi:10.1007/s13762-021-03315-0,Enhancement Of CO2 Capture Through Hydrate Formation: The Effect Of Tetrahydrofuran (THF) And Tertiary Amine Solutions,"Thoutam, P. [omid:ra/062601443629]; Rezaei Gomari, Sina [omid:ra/061907424 orcid:0000-0001-7317-0690]; Chapoy, A. [omid:ra/062601443630]; Ahmad, F. [omid:ra/062601443631]; Islam, M. [omid:ra/062601443632]; Ahmed, I. [omid:ra/062601443633]",2,19.0,International Journal Of Environmental Science And Technology [omid:br/064010502 issn:1735-2630 issn:1735-1472],691-704,2021-04-19,journal article,Springer Science And Business Media Llc [omid:ra/0610116006 crossref:297],,omid:br/06260522239,en,0.9999969223200064,en,1.0,en,langid
10077493,10077493,omid:br/06210172918 pmid:31573204 doi:10.1021/acs.jproteome.9b00503,Mass Spectrometry-Based Plasma Proteomics: Considerations From Sample Collection To Achieving Translational Data,"Ignjatovic, Vera [omid:ra/06210458577]; Geyer, Philipp E. [omid:ra/06210458578]; Palaniappan, Krishnan K [omid:ra/06508915 orcid:0000-0003-0203-9016]; Chaaban, Jessica E. [omid:ra/06210458579]; Omenn, Gilbert S [omid:ra/06506934 orcid:0000-0002-8976-6074]; Baker, Mark Scott [omid:ra/06230139 orcid:0000-0001-5858-4035]; Deutsch, Eric W [omid:ra/06508854 orcid:0000-0001-8732-0928]; Schwenk, Jm [omid:ra/06508584 orcid:0000-0001-8141-8449]",12,18.0,Journal Of Proteome Research [omid:br/061603236 issn:1535-3893 issn:1535-3907],4085-4097,2019-10-01,journal article,American Chemical Society (Acs) [omid:ra/0610116070 crossref:316],,omid:br/06210172918,en,0.9999957309635064,en,0.9999992847442628,en,langid
8254292,8254292,omid:br/06440117187 doi:10.1080/10495398.2023.2221703,Prokaryotic Expression Of The V Protein Of The Peste Des Petits Ruminants Virus And Development Of An Indirect ELISA,"Huang, Jiong [omid:ra/06440344895]; Lu, Guili [omid:ra/06440344896]; Ma, Wenge [omid:ra/06440344897]; Mi, Xiaoyun [omid:ra/06440344898]; Miao, Shukui [omid:ra/06440344899]; Shayilan, Kayizha [omid:ra/06440344900]; Wang, Ping [omid:ra/06440344901]; Xue, Jing [omid:ra/06440344902]; Yan, Genqiang [omid:ra/06440344903]; Yang, Xueyun [omid:ra/06440344904]",,,Animal Biotechnology [omid:br/0616014181 issn:1049-5398 issn:1532-2378],1-5,2023-06-08,journal article,Informa Uk Limited [omid:ra/0610116005 crossref:301],,omid:br/06440117187,en,0.999995023254842,en,1.0,en,langid
7404772,7404772,omid:br/062103913561 doi:10.3390/rs15092415,Land Subsidence In The Singapore Coastal Area With Long Time Series Of TerraSAR-X SAR Data,"Bai, Zechao [omid:ra/0612074499 orcid:0000-0003-4925-440X]; Li, Dan [omid:ra/0621011155519]; Li, Mengwei [omid:ra/0621011155520]; Li, Yang [omid:ra/0621011155521]; Sun, Ying [omid:ra/0621011155522]; Wang, Yanping [omid:ra/0621011155523]; Wu, Yewei [omid:ra/0621011155524]; Zhang, Xuedong [omid:ra/0621011155525]",9,15,Remote Sensing [omid:br/0611043237 issn:2072-4292],2415-2415,2023-05-05,journal article,Mdpi Ag [omid:ra/0610116165 crossref:1968],,omid:br/062103913561,en,0.9999954333563476,en,1.0,en,langid
7460497,7460497,omid:br/0635079533 doi:10.1093/phe/phad017,Health As Complete Well-Being: The WHO Definition And Beyond,"Schramme, Thomas [omid:ra/06903138581 orcid:0000-0001-6319-6635]",,,Public Health Ethics [omid:br/061401349614 issn:1754-9973 issn:1754-9981],,2023-07-27,journal article,Oxford University Press (Oup) [omid:ra/0610116027 crossref:286],,omid:br/0635079533,en,0.9999951007602164,en,0.9999382495880128,en,langdetect
3951424,3951424,omid:br/061104063043 doi:10.3389/fevo.2022.1061484,Long-term Success Of Floodplain Meadow Restoration On Species-Poor Grassland,"Donath, Tobias W. [omid:ra/0611011513343]; Harvolk-Schöning, Sarah [omid:ra/0611011513344]; Kleinebecker, Till [omid:ra/0611011513345]; Klinger, Yves P. [omid:ra/0611011513346]; Sommer, Leonhard [omid:ra/0611011513347]",,10,Frontiers In Ecology And Evolution [omid:br/062102749 issn:2296-701X],,2023-01-16,journal article,Frontiers Media Sa [omid:ra/0610116108 crossref:1965],,omid:br/061104063043,en,0.9999973594353118,en,0.9977460503578186,en,langdetect
9015049,9015049,omid:br/061502424679 pmid:34494080 doi:10.1093/bbb/zbab156,"Overexpression Of AGR2vH, An Oncogenic AGR2 Spliced Transcript, Potentiates Tumorigenicity And Proteomic Alterations In Cholangiocarcinoma Cell","Yosudjai, Juthamas [omid:ra/061507071014]; Inpad, Chaturong [omid:ra/061507071015]; Pothipan, Phattarin [omid:ra/061507071016]; Saisomboon, Saowaluk [omid:ra/061507071017]; Surangkul, Damrasamon [omid:ra/061507071018]; Phimsen, Suchada [omid:ra/061507071019]; Hongsrichan, Nuttanan [omid:ra/061507071020]; Wongkham, Sopit [omid:ra/066011229 orcid:0000-0001-9578-3041]; Jirawatnotai, Siwanon [omid:ra/061507071021]; Roytrakul, Sittiruk [omid:ra/061507071022]; Kaewkong, Worasak [omid:ra/064069721 orcid:0000-0002-7130-5827]",11,85.0,"Bioscience, Biotechnology, And Biochemistry [omid:br/062050317 issn:0916-8451 issn:1347-6947]",2263-2273,2021-09-07,journal article,Informa Uk Limited [omid:ra/0610116005 crossref:301],,omid:br/061502424679,en,0.9999955878393544,en,1.0,en,langid
5646179,5646179,omid:br/06180578959 doi:10.1088/1742-6596/1486/3/032018,A Mobile Robot Path Planning Algorithm Based On Improved A*,"Shi, Jinzheng [omid:ra/061801679885]; Su, Yifan [omid:ra/061801679886]; Bu, Chunguang [omid:ra/061801679887]; Fan, Xiaoliang [omid:ra/061801679888]",3,1486.0,Journal Of Physics: Conference Series [omid:br/061011806 doi:10.1088/issn.1742-6596 issn:1742-6588 issn:1742-6596],032018-032018,2020-04-01,journal article,Iop Publishing [omid:ra/0610116040 crossref:266],,omid:br/06180578959,en,0.9999953895252398,en,0.9998847246170044,en,langdetect
9460107,9460107,omid:br/061102303652 doi:10.1787/304a50fa-zh,TALIS 2018 Results (Volume I) (Summary In Chinese),Oecd [omid:ra/061106922036],,,,,2019-06-19,,Organisation For Economic Co-Operation And Development (Oecd) [omid:ra/0610116167 crossref:1963],,omid:br/061102303652,en,0.9999943666571256,en,0.9994219541549684,en,langdetect
9724304,9724304,omid:br/061303891367 doi:10.1001/jamasurg.2022.6337,Cost-effectiveness Of Laparoscopic Vs Open Gastrectomy For Gastric Cancer,"Brenkman, Hylke J. F. [omid:ra/0613010794501]; Broeders, Ivo Amj [omid:ra/0613010794502]; Daams, Freek [omid:ra/0613010794503]; Draaisma, Werner A. [omid:ra/0613010794504]; Eligh, Anne M [omid:ra/0613010794505]; Frederix, Geert W. J. [omid:ra/0613010794506]; Gisbertz, Suzanne S. [omid:ra/0613010794507]; Hartgrink, Henk H. [omid:ra/0613010794508]; Haverkamp, Leonie [omid:ra/0613010794509]; Heesakkers, Fanny Fbm [omid:ra/0613010794510]; Hulsewe, Karel We [omid:ra/0613010794511]; Kouwenhoven, Ewout A. [omid:ra/0613010794512]; Lagarde, Sjoerd M. [omid:ra/0613010794513]; Laparoscopic Vs Open Gastrectomy For Gastric Cancer Logica Study Group [omid:ra/0613010794514]; Luyer, Misha D. P. [omid:ra/0613010794515]; Nieuwenhuijzen, Grard A. P. [omid:ra/0613010794516]; Ponten, Jeroen Eh [omid:ra/0613010794517]; Ruurda, Jelle P. [omid:ra/0613010794518]; Seesing, Maarten F. J. [omid:ra/0613010794519]; Stoot, Jan H. M. B. [omid:ra/0613010794520]; Tegels, Juul J. W. [omid:ra/0613010794521]; Tweed, Thais Tt [omid:ra/0613010794522]; Wassenaar, Eelco B. [omid:ra/0613010794523]; Wijnhoven, Bas P. L. [omid:ra/0613010794524]; De Steur, Wobbe O. [omid:ra/0613010794525]; Van Berge Henegouwen, Mark I [omid:ra/0613010794526]; Van Det, Marc J [omid:ra/0613010794527]; Van Duijvendijk, Peter [omid:ra/0613010794528]; Van Hillegersberg, Richard [omid:ra/0613010794529]; Van Laarhoven, Hanneke W. M. [omid:ra/0613010794530]; Van Lanschot, Jan Jb [omid:ra/0613010794531]; Van Der Meulen, Miriam P. [omid:ra/0613010794532]; Van Der Peet, Donald L. [omid:ra/0613010794533]; Van Der Veen, Arjen [omid:ra/0613010794534]; Van Der Zaag, Edwin S [omid:ra/0613010794535]",2,158.0,JAMA Surgery [omid:br/0622012592 issn:2168-6254 issn:2168-6262],120-120,2023-02-01,journal article,American Medical Association (Ama) [omid:ra/0610116095 crossref:10],,omid:br/061303891367,en,0.9999956298712196,en,0.998582124710083,en,langdetect
9125369,9125369,omid:br/062403510621 doi:10.1007/s11581-022-04776-0,Aggregation Behavior Of Sodium Dioctyl Sulfosuccinate In Water-Contained Choline Chloride-Ethylene Glycol Deep Eutectic Solvent And Its Effects On Electrochemical Behavior Of Copper Ions,"Zhu, Feng [omid:ra/062409515522]; Deng, Runxu [omid:ra/062409515523]; Li, Shaoqi [omid:ra/062409515524]",12,28.0,Ionics [omid:br/0616047913 issn:0947-7047 issn:1862-0760],5643-5653,2022-10-05,journal article,Springer Science And Business Media Llc [omid:ra/0610116006 crossref:297],,omid:br/062403510621,en,0.9999965415435892,en,0.9999938011169434,en,langdetect
7807267,7807267,omid:br/06330124541 doi:10.1109/icecct56650.2023.10179734,Recent Technology In Agriculture Using The Bipolar Fuzzy Matrices With The Aid Of Score Function,"Anitha, A. [omid:ra/06330386799]; Muthuraji, T. [omid:ra/06330386800]",,,"2023 Fifth International Conference On Electrical, Computer And Communication Technologies (ICECCT) [omid:br/06330125614]",,2023-02-22,proceedings article,Institute Of Electrical And Electronics Engineers (Ieee) [omid:ra/0610116052 crossref:263],,omid:br/06330124541,en,0.9999980655856564,en,1.0,en,langid
434051,434051,omid:br/06602641234 doi:10.1596/978-1-4648-1327-6_ch10,"Skills Development Strategies Are Promising, But What About Results?","Béteille, Tara [omid:ra/06607847919]; Tognatta, Namrata [omid:ra/06607847920]; Riboud, Michelle [omid:ra/06607847921]; Nomura, Shinsaku [omid:ra/06607847922]; Ghorpade, Yashodhan [omid:ra/06607847923]",,,"Ready To Learn: Before School, In School, And Beyond School In South Asia [omid:br/06602642176]",233-258,2020-03-06,book chapter,World Bank [omid:ra/0610116735 crossref:558],,omid:br/06602641234,en,0.9999951920573824,en,0.9999324083328248,en,langdetect
1257582,1257582,omid:br/0660577341 pmid:35083624 doi:10.1007/s10912-021-09727-w,Farber’s Reimagined Mad Pride: Strategies For Messianic Utopian Leadership,"Hall, Joshua M. [omid:ra/0616058404 orcid:0000-0003-0762-6375]",,,Journal Of Medical Humanities [omid:br/0660578911 issn:0882-6498 issn:0278-9523 issn:1573-3645 issn:1041-3545 issn:0163-9803],,2022-01-27,journal article,Springer Science And Business Media Llc [omid:ra/0610116006 crossref:297],,omid:br/0660577341,en,0.9999967268462197,en,0.8566427230834961,en,langdetect
3774316,3774316,omid:br/062601926793 doi:10.1007/978-3-030-65771-0_9,Secondary Vertex Reconstruction,"Frühwirth, Rudolf [omid:ra/062605735508]; Strandlie, Are [omid:ra/062605735509]",,,Particle Acceleration And Detection [omid:br/06202344843 issn:2365-0877 issn:1611-1052],159-165,2020-11-23,book chapter,Springer Science And Business Media Llc [omid:ra/0610116006 crossref:297],,omid:br/062601926793,en,0.9999967403381608,en,0.990205466747284,en,langdetect
1773778,1773778,omid:br/06420174256 doi:10.1002/adma.202209479,Biopolymers For Hygroscopic Material Development,"Chen, Wenshuai [omid:ra/061066410 orcid:0000-0003-4428-1505]; Li, Jian [omid:ra/06420504091]; Li, Qing [omid:ra/06420504092]; Liu, Shouxin [omid:ra/06420504093]; Shi, Mengjiao [omid:ra/06420504094]; Tan, Swee Ching [omid:ra/06420504095]; Wang, Fei [omid:ra/06420504096]; Yu, Haipeng [omid:ra/06420504097]; Zhang, Yaoxin [omid:ra/06420504098]; Zhang, Yingying [omid:ra/06420504099]",,,Advanced Materials [omid:br/068056179 issn:0935-9648 issn:1521-4095 doi:10.1002/(issn)1521-4095],,2023-04-20,journal article,Wiley [omid:ra/0610116001 crossref:311],,omid:br/06420174256,en,0.999995775387584,en,0.9274840354919434,en,langdetect
8737102,8737102,omid:br/06203865550 pmid:36144478 doi:10.3390/molecules27185742,Isolation Of Chalcomoracin As A Potential α-Glycosidase Inhibitor From Mulberry Leaves And Its Binding Mechanism,"Liu, Yang [omid:ra/062010400179]; Zhou, Xue [omid:ra/062010400180]; Zhou, Dan [omid:ra/062010400181]; Jian, Yongxing [omid:ra/062010400182]; Jia, Jingfu [omid:ra/062010400183]; Ge, Fahuan [omid:ra/062010400184]",18,27,Molecules [omid:br/065030790 issn:1420-3049],5742-5742,2022-09-06,journal article,Mdpi Ag [omid:ra/0610116165 crossref:1968],,omid:br/06203865550,en,0.9999954551548816,en,0.9999328851699828,en,langdetect
6674138,6674138,omid:br/062302597863 doi:10.1002/adma.202006120 pmid:33586281,Chlorinated Spiroconjugated Fused Extended Aromatics For Multifunctional Organic Electronics,"Meng, Dong [omid:ra/0617021404 orcid:0000-0001-6776-0707]; Wang, Rui [omid:ra/062307348030]; Lin, Janice B. [omid:ra/062307348031]; Yang, Jonathan Lee [omid:ra/062307348032]; Nuryyeva, Selbi [omid:ra/062029754 orcid:0000-0003-1759-0695]; Lin, Yu-Che [omid:ra/062307348033]; Yuan, Shuai [omid:ra/062307348034]; Wang, Zhao-Kui [omid:ra/062307348035]; Zhang, Elizabeth [omid:ra/062307348036]; Xiao, Chengyi [omid:ra/062102431 orcid:0000-0002-7253-7136]; Zhu, Danlei [omid:ra/062307348037]; Jiang, Lang [omid:ra/061902521 orcid:0000-0003-3624-1618]; Zhao, Yepin [omid:ra/062307348038]; Li, Zhenxing [omid:ra/062307348039]; Zhu, Chenhui [omid:ra/062307348040]; Houk, Kendall N. [omid:ra/062307348041]; Yang, Yang [omid:ra/0623020144 orcid:0000-0001-8833-7641]",12,33.0,Advanced Materials [omid:br/068056179 issn:0935-9648 issn:1521-4095 doi:10.1002/(issn)1521-4095],2006120-2006120,2021-02-15,journal article,Wiley [omid:ra/0610116001 crossref:311],,omid:br/062302597863,en,0.9999980589039432,en,0.9999873638153076,en,langdetect
7248751,7248751,omid:br/06103671785 doi:10.37539/nitp312.2020.54.53.008,Impact Of The Pandemic On Domestic Tourism In Russia,"Бессмертный, Борис Алексеевич [omid:ra/06109925186]",,,"Научные Исследования В Современном Мире. Теория И Практика: Сборник Избранных Статей Всероссийской (Национальной) Научно-Практической Конференции (Санкт-Петербург, Декабрь 2020) [omid:br/06103672734]",,2020-12-30,proceedings article,Hnri National Development [omid:ra/0640115669 crossref:23957],,omid:br/06103671785,en,0.9999969649754508,en,0.9999996423721312,en,langid
4267331,4267331,omid:br/0670436587 doi:10.1177/0284185120901505 pmid:32013542,Impact Of Volume Calculation Formulae On Volume Estimation Accuracy Of Different Shaped Objects: An In Vitro Ultrasound And CT Study,"Kodikara, Iroshani [omid:ra/0617045030 orcid:0000-0001-8534-4571]; Gamage, Dhanusha [omid:ra/06701219215]; Abeysekara, Iroshini [omid:ra/06701219216]; Ilayperuma, Isurani [omid:ra/06701219217]",10,61.0,Acta Radiologica [omid:br/06109360 issn:0284-1851 issn:1600-0455],1414-1420,2020-02-03,journal article,Sage Publications [omid:ra/0610116008 crossref:179],,omid:br/0670436587,en,0.9999966769033418,es,0.4943923354148865,en,langdetect
5980648,5980648,omid:br/06604294965 doi:10.34007/jehss.v4i1.536,Strategi Komunikasi Keluarga Dalam Mengatasi Stress Belajar Online Anak Masa Pandemi Covid-19 Di Desa Sei Rotan,Azizah Hanum [omid:ra/066012110992]; Cut Alma Nuraflah [omid:ra/066012110993]; Muya Syaroh Iwanda Lubis [omid:ra/066012110994 orcid:0000-0003-0840-1688],,,,,2021-06-24,journal article,Mahesa Research Institute [omid:ra/0660115574 crossref:19914],,omid:br/06604294965,id,0.9999951001250564,id,0.931337594985962,id,langdetect
11140332,11140332,omid:br/062103854234 doi:10.5281/zenodo.2627787,"FIGURE 5 In Further Notes On The Sri Lankan Uropeltid Snakes Rhinophis Saffragamus (Kelaart, 1853) And Uropeltis Ruhunae Deraniyagala, 1954",Pyron Robert Alexander [omid:ra/0621010892360]; Somaweera Ruchira [omid:ra/0621010892361],,,,,2019-02-26,dataset,Zenodo [omid:ra/0621010892362],,omid:br/062103854234,en,0.7142851555746046,en,0.9051028490066528,en,langid
2827820,2827820,omid:br/062302650374 doi:10.1515/mosr-2020-0008,The Use Of Cause-Related Marketing To Build Good Corporate Reputation,"Šontaitė-Petkevičienė, Miglė [omid:ra/062307501808]; Grigaliūnaitė, Rūta [omid:ra/062307501809]",1,83,Management Of Organizations: Systematic Research [omid:br/062302650600 issn:1392-1142 issn:2335-8750],127-141,2020-06-01,journal article,Walter De Gruyter GmbH [omid:ra/0610116054 crossref:374],,omid:br/062302650374,en,0.9999942574928796,en,0.9999891519546508,en,langdetect
5816503,5816503,omid:br/0630583999 doi:10.1088/1742-6596/1370/1/012050,Study Of High-Temperature Oxidation Of The Claddings Of Tolerant Fuel Elements Of VVER-type Reactor,"Polunin, K K [omid:ra/06301721885]; Urusov, A A [omid:ra/06301721886]; Bazyuk, S S [omid:ra/06301721887]; Kiselev, D S [omid:ra/06301721888]; Kuzma-Kichta, Yu A [omid:ra/06301721889]",1.0,1370.0,Journal Of Physics: Conference Series [omid:br/061011806 doi:10.1088/issn.1742-6596 issn:1742-6588 issn:1742-6596],012050-012050,2019-11-01,journal article,Iop Publishing [omid:ra/0610116040 crossref:266],,omid:br/0630583999,en,0.9999966170563992,en,0.9999991655349731,en,langid
230419,230419,omid:br/06204357935 doi:10.3390/math11143089,Markov-Modulated On–Off Processes In IP Traffic Modeling,"Bachratá, Katarína [omid:ra/061074944 orcid:0000-0002-5510-5585]; Kontsek, Martin [omid:ra/062012086857 orcid:0000-0001-8115-7103]; Smiesko, Juraj [omid:ra/062012086858 orcid:0000-0002-5635-2350]",14,11.0,Mathematics [omid:br/068046256 issn:2227-7390],3089-3089,2023-07-13,journal article,Mdpi Ag [omid:ra/0610116165 crossref:1968],,omid:br/06204357935,en,0.9999963745546396,en,0.986564040184021,en,langdetect
3186840,3186840,omid:br/06201607326 doi:10.31053/1853.0605.v77.n3.28561,Efectos Psicológicos De La Pandemia COVID-19 En La Población General De Argentina,"Alomo, Martín [omid:ra/06204845460]; Gagliardi, Georgina [omid:ra/06204845461]; Peloche, Sebastian [omid:ra/06204845462]; Somers, Eugenia [omid:ra/06204845463]; Alzina, Pilar [omid:ra/06204845464]; Prokopez, Cintia R. [omid:ra/06204845465]",3,77.0,Revista De La Facultad De Ciencias Médicas De Córdoba [omid:br/06201607831 issn:1853-0605 issn:0014-6722],176-181,2020-08-25,journal article,Universidad Nacional De Cordoba [omid:ra/0630115275 crossref:12333],,omid:br/06201607326,es,0.9999950687569588,es,1.0,es,langid
1448426,1448426,omid:br/0680980258 doi:10.3389/fitd.2022.898814,In Silico Docking Of Nematode β-Tubulins With Benzimidazoles Points To Gene Expression And Orthologue Variation As Factors In Anthelmintic Resistance,"Jones, Ben P. [omid:ra/06802876818]; Van Vliet, Arnoud H. M. [omid:ra/06802876819]; LaCourse, E. James [omid:ra/06802876820]; Betson, Martha [omid:ra/06802876821]",,3.0,Frontiers In Tropical Diseases [omid:br/0680981371 issn:2673-7515],,2022-06-21,journal article,Frontiers Media Sa [omid:ra/0610116108 crossref:1965],,omid:br/0680980258,en,0.9999955689188672,en,0.9991021156311036,en,langdetect
10099082,10099082,omid:br/06180146369 doi:10.1186/s12872-021-02017-2 pmid:33888070,The Death Risk Factors Of Patients Undergoing Re-Exploration For Bleeding Or Tamponade After Isolated Off-Pump Coronary Artery Bypass Grafting: A Case–Control Study,"Luan, Tongxiao [omid:ra/06180364026]; Zhuang, Yingzhu [omid:ra/06180364027]; Nie, Weihong [omid:ra/06180364028]; Yang, Sumin [omid:ra/06180364029]; Wu, Yuhui [omid:ra/06180364030]; Wang, Rongmei [omid:ra/06180364031]; Dai, Yunyan [omid:ra/06180364032]; Zhang, Hong [omid:ra/06180364033]",1,21,BMC Cardiovascular Disorders [omid:br/06202646 issn:1471-2261],,2021-04-22,journal article,Springer Science And Business Media Llc [omid:ra/0610116006 crossref:297],,omid:br/06180146369,en,0.9999948859711736,en,1.0,en,langid
1819620,1819620,omid:br/062102634454 doi:10.1515/bd-2019-0103,Nicht Nicht Schreiben,"Jochum, Uwe [omid:ra/062107613332]",12,53.0,Bibliotheksdienst [omid:br/062102635254 issn:2194-9646 issn:0006-1972],732-741,2019-11-01,journal article,Walter De Gruyter GmbH [omid:ra/0610116054 crossref:374],,omid:br/062102634454,de,0.9999978600880844,de,0.9999747276306152,de,langdetect
6120705,6120705,omid:br/0616071271 doi:10.1214/19-aop1354,Heavy Bernoulli-percolation Clusters Are Indistinguishable,"Tang, Pengfei [omid:ra/06160125739]",6,47.0,The Annals Of Probability [omid:br/06401129 issn:0091-1798],,2019-11-01,journal article,Institute Of Mathematical Statistics [omid:ra/0610116016 crossref:108],,omid:br/0616071271,en,0.9999938740142746,en,0.8963931202888489,en,langdetect
7754282,7754282,omid:br/06901532595 doi:10.36253/substantia-1181,First Steps: Synthetic Ammonia In The United States,"Travis, Anthony Stewart [omid:ra/06904548628]",2,5.0,Substantia [omid:br/06901533599 issn:2532-3997],55-77,2021-09-09,journal article,Firenze University Press [omid:ra/0610116459 crossref:21822],,omid:br/06901532595,en,0.999996937673716,en,0.9999977350234984,en,langid
161420,161420,omid:br/061301391827 pmid:31893853 doi:10.1063/1.5099512,Fabrication Of Porous Emitters For Ionic Liquid Ion Source By Wire Electrical Discharge Machining Combined With Electrochemical Etching,"Liu, Xinyu [omid:ra/06210109311 orcid:0000-0001-9443-9652]; He, Weiguo [omid:ra/061304179623]; Kang, Xiaoming [omid:ra/061304179624]; Xu, Mingming [omid:ra/061304179625]",12,90,Review Of Scientific Instruments [omid:br/0623034124 issn:1089-7623 issn:0034-6748],123304-123304,2019-12-01,journal article,Aip Publishing [omid:ra/0610116172 crossref:317],,omid:br/061301391827,en,0.999997235791838,en,1.0,en,langid
5076368,5076368,omid:br/06204289875 doi:10.20944/preprints202007.0750.v1,Model-based Estimation Of Amazonian Forests Recovery Time After Drought And Fire Events,"Collalti, Alessio [omid:ra/061041563 orcid:0000-0002-4980-8487]; Andre R. Rech [omid:ra/062011822149 orcid:0000-0003-4685-7483]; Bruno De Faria [omid:ra/062011822150 orcid:0000-0002-8560-0034]; Camille Piponiot [omid:ra/062011822151]; Gina Marano [omid:ra/062011822152 orcid:0000-0003-2600-984X]; Ludmila Rattis [omid:ra/062011822153]",,,,,2020-07-31,,Mdpi Ag [omid:ra/0610116165 crossref:1968],,omid:br/06204289875,en,0.9999949412302384,en,0.9999992847442628,en,langid
1592752,1592752,omid:br/061803902034 doi:10.1093/cpe/bzad006,Universal Basic Income In Historical Perspective,"Dean, Hartley [omid:ra/0618010879025]",1,42.0,Contributions To Political Economy [omid:br/0612020779 issn:1464-3588 issn:0277-5921],251-254,2023-03-16,journal article,Oxford University Press (Oup) [omid:ra/0610116027 crossref:286],,omid:br/061803902034,en,0.99999585268437,en,0.9826062917709352,en,langdetect
9862839,9862839,omid:br/062201505756 doi:10.52123/1994-2370-2021-222,Analysis Of The Effectiveness Of The Application Of Professional Knowledge And Competencies Of Graduates Of Foreign Universities In Kazakhstan In The Context Of Intellectual Migration,"Bokayev, Baurzhan [omid:ra/062204511199]; Kaimoldiyev, Azat [omid:ra/062204511200]",2-77,,Public Administration And Civil Service [omid:br/062201505886 issn:1994-2370],95-108,2021-06-29,journal article,Academy Of Public Administration Under The President Of The Republic Of Kazakhstan [omid:ra/062204511168 crossref:29764],,omid:br/062201505756,en,0.999995386546971,en,1.0,en,langid
1965976,1965976,omid:br/06101763239 doi:10.3390/pharmaceutics13081107 pmid:34452071,Emulgel Loaded With Flaxseed Extracts As New Therapeutic Approach In Wound Treatment,"Pagano, Cinzia [omid:ra/06305710 orcid:0000-0003-0827-9299]; Baiocchi, Claudio [omid:ra/06105249039]; Beccari, Tommaso [omid:ra/0619026128 orcid:0000-0001-9637-6579]; Blasi, Francesca [omid:ra/0612013113 orcid:0000-0002-1902-2686]; Cossignani, Lina [omid:ra/0614013395 orcid:0000-0003-3433-604X]; Ceccarini, Maria Rachele [omid:ra/067018047 orcid:0000-0002-5344-4890]; Orabona, Ciriana [omid:ra/061408846 orcid:0000-0003-3113-0572]; Orecchini, Elena [omid:ra/06105249040]; Di Raimo, Enrico [omid:ra/06105249041]; Primavilla, Sara [omid:ra/0614028207 orcid:0000-0002-5711-3685]; Salvini, Laura [omid:ra/06105249042]; Di Michele, Alessandro [omid:ra/06705094 orcid:0000-0002-0357-2608]; Perioli, Luana [omid:ra/06305518 orcid:0000-0003-3890-3283]; Ricci, Maurizio [omid:ra/06305883 orcid:0000-0002-3373-9771]",8,13.0,Pharmaceutics [omid:br/068043612 doi:10.3390/pharmaceutics issn:1999-4923],1107-1107,2021-07-21,journal article,Mdpi Ag [omid:ra/0610116165 crossref:1968],,omid:br/06101763239,en,0.9999968973517686,en,1.0,en,langid
1730071,1730071,omid:br/06230445992 doi:10.1128/jcm.01275-19 pmid:31723011,Diagnostic Value Of Detection Of Pregenomic RNA In Sera Of Hepatitis B Virus-Infected Patients With Different Clinical Outcomes,"Lin, Ni [omid:ra/062301243014]; Ye, Aizhu [omid:ra/062301243015]; Lin, Jinpiao [omid:ra/062301243016]; Liu, Can [omid:ra/062301243017]; Huang, Jinlan [omid:ra/062301243018]; Fu, Ya [omid:ra/062301243019]; Wu, Songhang [omid:ra/062301243020]; Xu, Siyi [omid:ra/062301243021]; Wang, Long [omid:ra/062301243022]; Ou, Qishui [omid:ra/062301243023]",2,58.0,Journal Of Clinical Microbiology [omid:br/06209115 issn:1098-660X issn:0095-1137],,2020-01-28,journal article,American Society For Microbiology [omid:ra/0610116024 crossref:235],"Loeffelholz, Michael J. [omid:ra/062301243024]",omid:br/06230445992,en,0.9999980739773002,en,0.9999946355819702,en,langdetect
