Unnamed: 0,id,title,author,issue,volume,venue,page,pub_date,type,publisher,editor,omid,detected_language,confidence
3039079,omid:br/062102063893 doi:10.35580/jes.v4i1.20452,Pembangunan Pariwisata Berkelanjutan Di Desa Adat Osing Kabupaten Banyuwangi,"Maylinda, Eka [omid:ra/062106321423]; Sudarmono, Sudarmono [omid:ra/062106321424]",1,4.0,Jurnal Environmental Science [omid:br/062102064519 issn:2654-4490 issn:2654-9085],,2021-12-22,journal article,Fakultas Mipa Universitas Negeri Makassar [omid:ra/0660115071 crossref:21204],,omid:br/062102063893,id,0.9999948627997308
906632,omid:br/06801063846 doi:10.17860/mersinefd.935407,Tarih Öğretimine Yönelik 3B Sanal Ortamın Değerlendirilmesi: Pilot Çalışma,"Üçgül, Memet [omid:ra/06803139327]; Lüy, Zehra [omid:ra/06803139328]; Baskaya, Muzaffer [omid:ra/06803139329]; Keleş, Esra [omid:ra/06803139330]",,,Mersin Üniversitesi Eğitim Fakültesi Dergisi [omid:br/06801065244 issn:1306-7850],,2022-04-13,journal article,Mersin University Journal Of The Faculty Of Education [omid:ra/06803139325 crossref:7255],,omid:br/06801063846,tr,0.9999972919957713
301378,omid:br/06502982182 doi:10.1017/9781108906999.004,The Transcendental Spinozism Of The Wissenschaftslehre,[omid:ar/065012602092],,,Hegel And The Challenge Of Spinoza [omid:br/06502983148],57-87,2021-09-30,book chapter,Cambridge University Press (Cup) [omid:ra/0610116004 crossref:56],,omid:br/06502982182,de,0.9999974310166286
10708703,omid:br/06360165888 doi:10.53347/rid-168073,Gastrosplenic Fistula,"Weerakkody, Yuranga [omid:ra/06360466700]",,,Radiopaedia.org [omid:br/06360166450],,2023-05-08,reference entry,Radiopaedia Australia Pty Ltd [omid:ra/0640115437 crossref:30861],,omid:br/06360165888,ro,0.8571414418849347
9963312,omid:br/06280294809 doi:10.32309/jjste.62.4_305,工業高校生の電気回路に関する概念理解と回路設計力との関連性,"石橋, 直 [omid:ra/06280810137]",4,62.0,日本産業技術教育学会誌 [omid:br/06280295746 issn:2434-6101 jid:jjste],305-313,2020-12-28,journal article,一般社団法人 日本産業技術教育学会 [omid:ra/06280810138],,omid:br/06280294809,ko,0.5714278257334887
8741733,omid:br/062303875022 doi:10.11646/phytotaxa.566.3.4,"Novelties In Microlicia (Melastomataceae, Lavoisiereae) Endemic To The Campo Rupestre Of Guiné, Chapada Diamantina, Bahia, Brazil","Almeda, Frank [omid:ra/062109611699 orcid:0000-0001-5091-6875]; Karina Fidanza [omid:ra/0623010728877 orcid:0000-0002-8007-440X]; Lorena Gali [omid:ra/0623010728878 orcid:0000-0003-4939-0364]; Ricardo Pacifico [omid:ra/0623010728879 orcid:0000-0001-9566-5344]",,,,,2022-09-29,journal article,Zenodo [omid:ra/0623010728880],,omid:br/062303875022,it,0.5714255213612136
11153921,omid:br/0690147663 doi:10.15649/2346030x.2397,Direccionamiento De La Investigación Universitaria: Aproximación Teórica Para Su Análisis,"Bravo, Antonio [omid:ra/0613035023 orcid:0000-0001-8572-5868]; Madriz-Rodríguez, Delia Alejandra [omid:ra/0690337282]; Ramírez-Quintero, Freddy Antonio [omid:ra/0690337283]; Ugueto-Maldonado, Martha Graciela [omid:ra/0690337284]",S1,8,"Aibi Revista De Investigación, Administración E Ingeniería [omid:br/0690148037 issn:2346-030X]",159-166,2021-08-25,journal article,Universidad De Santander - Udes [omid:ra/0630115259 crossref:6285],,omid:br/0690147663,es,0.9999945899638892
10184892,omid:br/06110974690 doi:10.9789/2175-5361.2019.v11i4.968-975,Health Education For Pregnant Women: The Search For Maternal Empowerment Over The Puerperal-Pregnancy Cycle / Educação Em Saúde Para Gestantes: A Busca Pelo Empoderamento Materno No Ciclo Gravídico-Puerperal,"Da Silva Lima, Vanessa Kelly [omid:ra/061102927532]; Silva Esteves De Hollanda, Gabriela [omid:ra/061102927533]; Morais De Oliveira, Bruna Monik [omid:ra/061102927534]; Gomes De Oliveira, Isabelly [omid:ra/061102927535]; Vieira Freitas Dos Santos, Lydia [omid:ra/061102927536]; De Lima Carvalho, Carolina Maria [omid:ra/061102927537]",4,11,Revista De Pesquisa Cuidado É Fundamental Online [omid:br/06110975382 issn:1809-6107 issn:2175-5361 doi:10.9789/2175-5361],968-975,2019-07-01,journal article,Universidade Federal Do Estado Do Rio De Janeiro Unirio [omid:ra/0620115881 crossref:4924],,omid:br/06110974690,pt,0.5714257800191594
6318589,omid:br/0628081004 doi:10.56583/frp.2251,Архивные Документы O Военнопленных Первой Мировой Войны В Пaвлодарском Уезде (Казахстан),"Кубик, Надежда [omid:ra/06280244550 orcid:0000-0002-6950-128X]",17,,"Fides, Ratio Et Patria. Studia Toruńskie [omid:br/06303977674 issn:2956-3267 issn:2392-1463]",134-148,2022-12-30,journal article,Akademia Zamojska [omid:ra/062010337169 crossref:35943],,omid:br/0628081004,ru,0.9999974622224076
7555638,omid:br/062103810435 doi:10.5281/zenodo.5653895,"Campoplex Liuae Han & Achterberg & Chen 2021, Sp. Nov.","Van Achterberg, Kees [omid:ra/069036980 orcid:0000-0002-6495-4853]; Chen Xue-Xin [omid:ra/0621010643234]; Han Yuan-Yuan [omid:ra/0621010643235 orcid:0000-0002-6438-7393]",,,,,2021-11-08,,Zenodo [omid:ra/0621010643236],,omid:br/062103810435,de,0.5714255846602936
2469881,omid:br/061202133613 doi:10.21082/jlittri.v18n2.2012.74-80,"Keragaman Genetik, Heritabilitas, Dan Korelasi Antar Karakter 10 Genotipe Terpilih Jarak Pagar (Jatropha Curcas L.)","Hartati, R R. Sri [omid:ra/061206550423]; Setiawan, Asep [omid:ra/061206550424]; Heliyanto, Bambang [omid:ra/061206550425]; Sudarsono, Sudarsono [omid:ra/061206550426]",2,18,Jurnal Penelitian Tanaman Industri [omid:br/061202134349 issn:2528-6870 issn:0853-8212],74-74,2020-06-19,journal article,Indonesian Agency For Agricultural Research And Development (Iaard) [omid:ra/0630115414 crossref:8961],,omid:br/061202133613,id,0.9999972760312524
11054265,omid:br/0603945740 doi:10.33989/2226-4078.2019.2.177353,Типологія Індивідуальних Освітніх Траєкторій Педагогічних Працівників,Ya. Sukhenko [omid:ra/06011501400],,,,,2019-09-04,journal article,Poltava V.G.Korolenko National Pedagogical University [omid:ra/0650115626 crossref:19881],,omid:br/0603945740,uk,0.999996617719948
2175610,omid:br/06320131094 doi:10.34583/ichthy.19.0_1,マンボウとヤリマンボウにおける体表模様による個体識別の可能性,"久志本, 鉄平 [omid:ra/065013048368]; 柿野, 敦志 [omid:ra/065013048369]; 下村, 菜月 [omid:ra/065013048370]",0,19.0,"Ichthy, Natural History Of Fishes Of Japan [omid:br/0604511864 jid:ichthy issn:2435-7715]",1-7,2022-04-01,journal article,国立大学法人 鹿児島大学総合研究博物館 [omid:ra/065013048371],,omid:br/06320131094,ja,0.9999986264171706
9316763,omid:br/060326835 doi:10.5281/zenodo.3476975,"Chrysidea Vazimba Mita & Rosa 2019, Sp. Nov.","Mita, Toshiharu [omid:ra/0601178719]; Rosa, Paolo [omid:ra/0601178720]",,,,,2019-10-08,report,Zenodo [omid:ra/0601178721],,omid:br/060326835,ro,0.9999947021197032
5951716,omid:br/061104010248 doi:10.32839/2304-5809/2023-4-116-3,Продуктивність Та Реалізація Ресурсного Потенціалу В Господарствах Суспільного Сектору Різних Форм Власності Чернівецької Області,"Гаврилець, Степан [omid:ra/0611011366425]; Калинка, Андрій [omid:ra/0611011366426]; Харабара, Віталій [omid:ra/0611011366427]",4 (116),,Молодий Вчений [omid:br/061401628017 issn:2304-5809 issn:2313-2167],13-16,2023-04-30,journal article,Publishing House Young Scientist [omid:ra/061404994028 crossref:18179],,omid:br/061104010248,uk,0.9999977576760086
5424334,omid:br/060633673 doi:10.5281/zenodo.5584109,"Chaeropus Ecaudatus Subsp. Ecaudatus Ecaudatus Ogilby 1838, New Status","Travouillon, Kenny J. [omid:ra/0602150531]; Simões, Bruno F. [omid:ra/0602150532]; Miguez, Roberto Portela [omid:ra/0602150533]; Brace, Selina [omid:ra/0602150534]; Brewer, Philippa [omid:ra/0602150535]; Stemmer, David [omid:ra/0602150536]; Price, Gilbert J. [omid:ra/0602150537]; Cramb, Jonathan [omid:ra/0602150538]; Louys, Julien [omid:ra/0602150539]",,,,,2019-03-13,report,Zenodo [omid:ra/0602150540],,omid:br/060633673,et,0.571427600997093
8550844,omid:br/0604194251 doi:10.11370/isj.58.219,粒状感評価モデルに基づくデバイスに依存しない質感マネジメント,"津村, 徳道 [omid:ra/06012032363]; 吉井, 淳貴 [omid:ra/06012032364]",2.0,58.0,日本画像学会誌 [omid:br/0604194315 jid:isj issn:1880-4675 issn:1344-4425],219-225,2019-04-10,journal article,一般社団法人 日本画像学会 [omid:ra/06012032365],,omid:br/0604194251,ja,0.999999984717781
5027129,omid:br/06201269497 doi:10.38009/ekimad.540293,İkinci Dünya Savaşı Sonrasında Türkiye Ekonomisi Ve Marshall Planının Ekonomiye Etkileri,"Şenel Uzunkaya, Seçil [omid:ra/06203790252]",3,1.0,Ekonomi İşletme Ve Maliye Araştırmaları Dergisi [omid:br/06201270434 issn:2667-503X],176-185,2019-08-31,journal article,Ekonomi Isletme Maliye Arastirmalari Dergisi [omid:ra/06203790174 crossref:25070],,omid:br/06201269497,tr,0.9999978669303848
1183365,omid:br/060482899 doi:10.5281/zenodo.4612748,Leptostylus Orbiculus Bates 1880,"Santos-Silva, Antonio [omid:ra/0601682076]; Devesa, Sergio [omid:ra/0601682077]",,,,,2021-03-16,report,Zenodo [omid:ra/0601682078],,omid:br/060482899,fr,0.714283535695862
5391352,omid:br/06380303048 doi:10.14989/241667,<研究論文>平野武夫による道徳教育論の意義と課題,"三井, 真吾 [omid:ra/06380766748]",,22,教育方法の探究 [omid:br/0604430350 issn:1349-2020],95-102,2019-03-25,journal article,京都大学大学院教育学研究科・教育方法学研究室 [omid:ra/06380766749],,omid:br/06380303048,ja,0.5714272821473891
682073,omid:br/06380232094 doi:10.20593/jabedit.31.1_1,目次,[omid:ar/06380832742],1,31,生命倫理 [omid:br/06380233682 jid:jabedit issn:1343-4063 issn:2189-695X],1-2,2021-09-28,journal article,日本生命倫理学会 [omid:ra/06380597081],,omid:br/06380232094,ko,0.9999987713007522
4333895,omid:br/06380298692 doi:10.24564/0002017986,「丸付け作業」と「小さなアクティブ・ラーニング」がある中学校社会科の授業,"米川, 順熙 [omid:ra/06380757596]",,,,,2022-03-06,book,琉球大学大学院教育学研究科 [omid:ra/06380757597],,omid:br/06380298692,ja,0.9999992579803518
7528009,omid:br/06490101487 doi:10.1007/s40278-023-42212-y,Cefuroxime/flucloxacillin/paracetamol,[omid:ar/06490472977],1,1963,Reactions Weekly [omid:br/061036202 issn:0114-9954 issn:1179-2051],156-156,2023-07-01,journal article,Springer Science And Business Media Llc [omid:ra/0610116006 crossref:297],,omid:br/06490101487,ro,0.8365634421896821
9226930,omid:br/06480203154 doi:10.19020/cg.0000001907,特集 胆道感染症の診断・治療 5.急性胆管炎・胆囊炎に対する抗菌薬選択,"藤澤, 聡郎 [omid:ra/06480594311]; 高橋, 翔 [omid:ra/06480594312]; 高崎, 祐介 [omid:ra/06480594313]; 鈴木, 彬実 [omid:ra/06480594314]; 伊藤, 光一 [omid:ra/06480594315]; 冨嶋, 亨 [omid:ra/06480594316]; 石井, 重登 [omid:ra/06480594317]; 伊佐山, 浩通 [omid:ra/06480594318]",9,36,臨床消化器内科 [omid:br/0604348692 issn:0911-601X issn:2433-2488],1145-1151,2021-07-20,journal article,日本メディカルセンター [omid:ra/06480594319],,omid:br/06480203154,ja,0.7142844352656772
9665748,omid:br/061402840260 doi:10.4000/champpenal.13750,Une Sociohistoire De La Médiation Animale En Prison : De L’Émergence À L’Institutionnalisation En France,"Leite, Julie Rodrigues [omid:ra/061408257078]",25,,Champ Pénal [omid:br/067060980 doi:10.4000/champpenal issn:1777-5272],,2022-02-11,journal article,OpenEdition [omid:ra/0610116018 crossref:2399],,omid:br/061402840260,fr,0.9999949216459156
5316877,omid:br/06390250874 doi:10.19020/cd.0000002275,特集 痛みを訴える透析患者にどう対応するか 8.透析患者に特有な痛みへの対応(4)虚血痛(Aso),"日髙, 寿美 [omid:ra/06390737705]; 小林, 修三 [omid:ra/06390737706]",9,38,臨床透析 [omid:br/0604084384 issn:2433-247X issn:0910-5808],1221-1228,2022-08-10,journal article,日本メディカルセンター [omid:ra/06390737707],,omid:br/06390250874,ja,0.9999994171031592
7172420,omid:br/061902231371 doi:10.4000/netcom.4882,Communautés Culturelles Et Ethniques Et Réseaux De Communications1,"Anglade, Georges [omid:ra/061906612917]",33-3/4,,Netcom [omid:br/0614044428 issn:2431-210X doi:10.4000/netcom issn:0987-6014],,2019-12-27,journal article,OpenEdition [omid:ra/0610116018 crossref:2399],,omid:br/061902231371,fr,0.9999962187218694
2818082,omid:br/061903868661 doi:10.5281/zenodo.7087074,"Spinozodium Denisi Zamani & Marusik 2022, Comb. Nov.",Marusik Yuri M. [omid:ra/0619010683401]; Zamani Alireza [omid:ra/0619010683402],,,,,2022-09-09,,Zenodo [omid:ra/0619010683403],,omid:br/061903868661,hr,0.999993545948558
1305560,omid:br/06801777193 doi:10.21205/deufmd.2022247018,Kapsayıcı Kampüs Ortamı Tasarımı Kriterlerinin FANP Ve CFPR Metodolojileri Kullanılarak Değerlendirilmesi,"Özdemi̇R, Şahika [omid:ra/06805493316]; Nalbant, Kemal Gökhan [omid:ra/06805493317]",70,24,Deu Muhendislik Fakultesi Fen Ve Muhendislik [omid:br/06801777594 issn:1302-9304],193-204,2022-01-17,journal article,Deu Muhendislik Fakultesi Fen Ve Muhendislik [omid:ra/06805493234 crossref:8782],,omid:br/06801777193,tr,0.9999980819650818
8772511,omid:br/06603687040 doi:10.1017/9781108615433.022,Monuments And Memorials,"Levitch, Mark [omid:ra/066010233510]",,,A History Of American Literature And Culture Of The First World War [omid:br/06603687929],295-314,2021-02-04,book chapter,Cambridge University Press (Cup) [omid:ra/0610116004 crossref:56],,omid:br/06603687040,ca,0.5714269333692359
1681806,omid:br/06204512959 doi:10.11477/mf.1411202152,原著 Sapho症候群の治療に口蓋扁桃摘出術が著効を示した1例,"笹沼, 里圭子 [omid:ra/062012445401]; 平賀, 幸弘 [omid:ra/062012445402]; 荒井, 秀寿 [omid:ra/062012445403]; 森山, 元大 [omid:ra/062012445404]; 霜村, 真一 [omid:ra/062012445405]",8.0,91.0,耳鼻咽喉科・頭頸部外科 [omid:br/0604037238 issn:1882-1316 issn:0914-3491],687-692,2019-07-20,journal article,株式会社医学書院 [omid:ra/062012445406],,omid:br/06204512959,ko,0.5714286779983702
3081741,omid:br/062301973838 doi:10.7202/1073732ar,"Métier, Savoirs Et Élèves : L’Étrange Casse-Tête Des Nouveaux Enseignants De Formation Professionnelle Au Québec1","Beaucher, Chantale [omid:ra/062305847756]",9,,Éthique En Éducation Et En Formation: Les Dossiers Du GREE [omid:br/062301973884 doi:10.7202/ethiqueedufor issn:2561-1488],10-24,2020-12-02,journal article,Consortium Erudit [omid:ra/0610116202 crossref:4194],,omid:br/062301973838,fr,0.9999967621871684
8357879,omid:br/06602055698 doi:10.1002/9781118970843.ch239,Risk Taking,"Lee, Clara S. [omid:ra/06606240261]; Bourdage, Joshua S. [omid:ra/06606240262]",,,The Wiley Encyclopedia Of Personality And Individual Differences [omid:br/06602056691],363-367,2020-09-18,,Wiley [omid:ra/0610116001 crossref:311],,omid:br/06602055698,no,0.5714259859161213
9282489,omid:br/06102541372 isbn:9781487588052 doi:10.3138/9781487588052,Medieval Travel And Travelers,[omid:ar/061010893316]; [omid:ar/061010893315],,,,,2020-06-19,book,University Of Toronto Press Inc. (UTPress) [omid:ra/0610116201 crossref:1696],"Romano, John [omid:ra/06107344680]",omid:br/06102541372,no,0.9999937316764476
6577314,omid:br/061303848142 doi:10.1021/acsphotonics.3c00205,Simultaneous Multicolor Multifocal Scanning Microscopy,"Han, Keyi [omid:ra/062609645731 orcid:0000-0002-5141-1673]; Jia, Shu [omid:ra/0613010668829 orcid:0000-0001-6854-7537]; Mandracchia, Biagio [omid:ra/0613010668830]; Tadesse, Kidan [omid:ra/0613010668831]; Yoon, Kyungduck [omid:ra/0613010668832]",9,10,ACS Photonics [omid:br/0619043714 issn:2330-4022],3035-3041,2023-07-24,journal article,American Chemical Society (Acs) [omid:ra/0610116070 crossref:316],,omid:br/061303848142,ro,0.8571387250199536
160698,omid:br/062303149939 doi:10.1201/9781003210054-11,Leishmania,"Nacy, Carol A. [omid:ra/062308703857]; Belosevic, Miodrag [omid:ra/062308703858]; Meltzer, Monte S. [omid:ra/062308703859]; Hoover, David L. [omid:ra/062308703860]",,,Interferon And Nonviral Pathogens [omid:br/062303150806],167-191,2021-05-19,book chapter,Informa Uk Limited [omid:ra/0610116005 crossref:301],,omid:br/062303149939,sw,0.4285721597229243
11142683,omid:br/06702380917 doi:10.1007/s00761-021-00912-z,Neoadjuvante Und Adjuvante Therapiekonzepte Bei Gastrointestinalen Tumoren: Prophylaxe Und Therapiemanagement Von Nebenwirkungen,"Sinn, M. [omid:ra/06707113967]; Gani, C. [omid:ra/06707113968]",4,27.0,Der Onkologe [omid:br/0616048091 issn:1433-0415 issn:0947-8965],321-331,2021-03-03,journal article,Springer Science And Business Media Llc [omid:ra/0610116006 crossref:297],,omid:br/06702380917,de,0.7142835405037038
3410806,omid:br/062403201629 doi:10.3917/ifri.demon.2018.01.0276,Brésil : L’Enjeu Des Prochaines Présidentielles,"Garman, Christopher [omid:ra/062408830814]; Reis, Bruno [omid:ra/062408830815]",,,Les Chocs Du Futur [omid:br/062403202601],276-279,2019-09-02,book chapter,Cairn [omid:ra/0610116153 crossref:2273],,omid:br/062403201629,fr,0.9999959694333792
3483173,omid:br/062201934013 doi:10.24252/join.v5i2.17631,Pengaruh Pemberian Aromaterapi Jahe Terhadap Penurunan Emesis Gravidarum Pada Ibu Hamil Trimester Pertama Di Wilayah Kerja Puskesmas Mangarabombang Kabupaten Takalar,"Wirda, Wirda [omid:ra/062205826984]; Ernawati, Ernawati [omid:ra/062205826985]; Oktaviana, Dina [omid:ra/062205826986]; Suardi, Suardi [omid:ra/062205826987]; Nofia, Nofia [omid:ra/062205826988]",2,5.0,Journal Of Islamic Nursing [omid:br/062201934763 issn:2528-2549 issn:2549-5127],127-127,2020-12-21,journal article,Universitas Islam Negeri Alauddin Makassar [omid:ra/0620115767 crossref:10352],,omid:br/062201934013,id,0.9999949202953518
5923035,omid:br/062403950166 doi:10.15869/itobiad.787565,Kant'ta Sentetik Apriori Sorunu,"Yilmaz, Ramazan [omid:ra/06380203296 orcid:0000-0002-7367-7333]",3,9,İnsan Ve Toplum Bilimleri Araştırmaları Dergisi [omid:br/061801217965 issn:2147-1185],2841-2855,2020-09-30,journal article,Journal Of The Human And Social Sciences Researchers [omid:ra/061803548605 crossref:6485],,omid:br/062403950166,id,0.9999940798275228
364240,omid:br/061602253344 doi:10.3917/all.230.0049,Hommage À Günter Kunert (1929-2019),"Benoit, Martine [omid:ra/061606719976]",4,N° 230,Allemagne D'Aujourd'Hui [omid:br/061602254688 issn:0002-5712 issn:2551-9409],49-53,2019-11-28,journal article,Cairn [omid:ra/0610116153 crossref:2273],,omid:br/061602253344,de,0.8571399903584177
5568070,omid:br/061701073455 doi:10.12797/politeja.17.2020.64.17,Referendum Jako Wyznacznik Modelu Demokracji Lokalnej (Ze Szczególnym Uw Zględnieniem Referendum Lokalnego W Stanach Zjednoczonych Ameryki),"Pawłowska, Agnieszka [omid:ra/061703176971]",1(64),17,Politeja [omid:br/061701074306 issn:2391-6737 issn:1733-6716],337-355,2020-02-26,journal article,Ksiegarnia Akademicka Sp. Z.O.O. [omid:ra/0610116731 crossref:5084],,omid:br/061701073455,pl,0.9999986856452612
314561,omid:br/061501311051 doi:10.15370/maruifd.953710,Saf Deneyim Dünyası: William James’in Radikal Deneyimciliği,"Akdemi̇R-Süleyman, Betül [omid:ra/061503904702]",,,Marmara Üniversitesi İlahiyat Fakültesi Dergisi [omid:br/061501311269 issn:1302-4973],,2021-06-25,journal article,Marmara Universitesi Ilahiyat Fakultesi Dergisi [omid:ra/061503904703 crossref:6031],,omid:br/061501311051,tr,0.9999972410632256
3887716,omid:br/061201120510 doi:10.35926/hsz.2021.1.3,A Világűr Militarizálásának Kérdéseiről,"Várdai, Mihail [omid:ra/0618074996 orcid:0000-0001-8070-2552]",1,149.0,Honvédségi Szemle [omid:br/061201121728 issn:2060-1506],34-50,2021-01-11,journal article,Honvedsegi Szemle [omid:ra/061203388669 crossref:21682],,omid:br/061201120510,hu,0.9999984530601842
9508614,omid:br/061703935092 doi:10.15097/00003016,異文化間能力Can-Doによる学生の意識調査──国際教育カリキュラム検証への示唆──,"竹井, 光子 [omid:ra/0617010644778]; 矢田部, 順二 [omid:ra/0617010644779]; 佐渡, 紀子 [omid:ra/0617010644780]; 隅田, 姿 [omid:ra/0617010644781]; Mitsuko, Takei [omid:ra/0617010644782]; Junji, Yatabe [omid:ra/0617010644783]; Noriko, Sado [omid:ra/0617010644784]; Sugata, Sumida [omid:ra/0617010644785]",2,61,広島修大論集 = Studies In The Humanities And Sciences [omid:br/061703935953],35-51,2021-02-28,journal article,[出版社不明] [omid:ra/0617010644786],,omid:br/061703935092,ja,0.9999999753895364
2289194,omid:br/060500384 doi:10.5281/zenodo.4700607,"Calligrapha Mexicana Stal J. Gomez-Zurita 1859, Stat. Rev.","Gómez-Zurita, Jesús [omid:ra/0601733730]",,,,,2021-04-13,report,Zenodo [omid:ra/0601733731],,omid:br/060500384,ro,0.3230165140579816
6072840,omid:br/061603571528 doi:10.3917/dunod.jung.2022.01.0323,Chapitre 23. Penser Avec La Psychose. Penser Aux Limites Du Pensable,"Di Rocco, Vincent [omid:ra/061609744097]",,,Pratiques Cliniques Et Dispositifs « Aux Limites » [omid:br/061603572480],323-334,2022-05-25,book chapter,Cairn [omid:ra/0610116153 crossref:2273],,omid:br/061603571528,fr,0.9999967286530896
2062548,omid:br/061802401512 isbn:9780231553353 doi:10.7312/clay19994,Bernoulli's Fallacy,"Clayton, Aubrey [omid:ra/061806876395]",,,,,2021-09-02,book,Columbia University Press [omid:ra/0640115505 crossref:4359],,omid:br/061802401512,it,0.5714265828444508
1887985,omid:br/0628088812 doi:10.5965/14145731023820200027,Contadores De Histórias – Um Relato Da Criação De Espaços A Partir Dos Encontros Com Os Tikuna No Parque Das Tribos,"Bordin, Vanessa Benites [omid:ra/06280271922 orcid:0000-0002-4675-0849]",38,2,Urdimento - Revista De Estudos Em Artes Cênicas [omid:br/061401971614 issn:2358-6958],1-31,2020-09-24,journal article,Universidade Do Estado De Santa Catarina [omid:ra/0620116212 crossref:4629],,omid:br/0628088812,pt,0.9999963100294398
5026632,omid:br/062502236793 doi:10.30692/sisad.945448,Başlangiçtan Rönesans'A Aşaği Ve Yüce Bi̇R Meslek: Oyunculuk,"Yildirim, Erdal [omid:ra/062506815621]",,,Stratejik Ve Sosyal Araştırmalar Dergisi [omid:br/062502236997 issn:2587-2621],,2021-06-22,journal article,Stratejik Ve Sosyal Arastirmalar Dergisi [omid:ra/062506815564 crossref:12142],,omid:br/062502236793,tr,0.9999979799833068
6248440,omid:br/060433595 doi:10.5281/zenodo.4402422,FIGURE 44. Caecum Reversum. A In A Rosetta Stone For Eastern Pacific Caecidae (Gastropoda: Caenogastropoda),"Raines, Bret K. [omid:ra/0601538929]",,,,,2020-08-11,,Zenodo [omid:ra/0601538930],,omid:br/060433595,pt,0.999996259116204
9245479,omid:br/062101933728 doi:10.54571/ajee.520,Matrimonio Y Adulterio En El Mundo Hispánico: Las Gerónimas De Lima Y Valladolid,"Flórez Dávila, Gloria Cristina [omid:ra/062105891842]",55,,Anuario Jurídico Y Económico Escurialense [omid:br/062101934337 issn:1133-3677 issn:2340-3780],,2022-01-24,journal article,Real Centro Universitario Escorial-Maria Cristina [omid:ra/062105891839 crossref:33080],,omid:br/062101933728,es,0.999994899304431
1176149,omid:br/061603817826 doi:10.3390/molecules28062788,Artemisia Vestita: A Folk Medicine With Hidden Herbal Fortune,"Dogra, Shivani [omid:ra/0616010557807]; Koul, Bhupendra [omid:ra/065038518 orcid:0000-0002-8409-3624]; Singh, Joginder [omid:ra/0616010557808 orcid:0000-0001-6968-4912]; Yadav, Dhananjay [omid:ra/0616010557809 orcid:0000-0003-4047-7236]",6,28.0,Molecules [omid:br/065030790 issn:1420-3049],2788-2788,2023-03-20,journal article,Mdpi Ag [omid:ra/0610116165 crossref:1968],,omid:br/061603817826,de,0.7142828639647452
7632210,omid:br/06601286741 doi:10.29029/busbed.849214,Bi̇Ngöl’Ün Tari̇Hi̇ Çevre Ve Şehi̇Rci̇Li̇K Bakimindan Geli̇Şi̇Mi̇,"Baş, Yaşar [omid:ra/06603812533]",,,Bingöl Üniversitesi Sosyal Bilimler Enstitüsü Dergisi [omid:br/06601287717 issn:1309-6672],,2021-01-25,journal article,Bingol Universitesi Sosyal Bilimler Enstitusu Dergisi [omid:ra/06603812480 crossref:11567],,omid:br/06601286741,tr,0.9999965117275847
2546530,omid:br/06604409348 doi:10.26633/rpsp.2023.91,Mortalidad Por Violencia Interpersonal En Adolescentes Y Jóvenes En América Latina,"Bergonzoli, Gustavo [omid:ra/066012551616]; Heredia Martínez, Henny Luz [omid:ra/066012551617]",,47.0,Revista Panamericana De Salud Pública [omid:br/067052567 issn:1680-5348 issn:1020-4989 doi:10.26633/rpsp],1-1,2023-06-01,journal article,Pan American Health Organization [omid:ra/0660115367 crossref:11167],,omid:br/06604409348,es,0.9999948027638904
1793530,omid:br/06201094763 doi:10.22201/fe.18701442e.2019.32.69313,"Discusión Teórica Sobre La Financiarización: Marxistas, Poskeynesianos Y En Economías Subdesarrolladas","Villavicencio, Giovanni [omid:ra/06203284597 orcid:0000-0002-7673-871X]; Meireles, Monika [omid:ra/06203284623]",32,12.0,Ola Financiera [omid:br/06201095918 issn:1870-1442],,2019-03-31,journal article,Universidad Nacional Autonoma De Mexico [omid:ra/0610116730 crossref:9467],,omid:br/06201094763,es,0.9999952795495036
403921,omid:br/06101278684 doi:10.52642/susbed.929913,Sürdürülebilir Üniversitelerin Yönetişim-Strateji Çalışmaları Ve İletişimi İçin Karşılaştırma Bazlı Bir Yaklaşım Önerisi,"Bayhantopçu, Esra [omid:ra/06103759331]; Özuyar, Pınar Gökçin [omid:ra/06103759332]",,,Selçuk Üniversitesi Sosyal Bilimler Enstitüsü Dergisi [omid:br/06101278958 issn:2667-4750],1-17,2021-04-29,journal article,Selcuk University [omid:ra/0620115802 crossref:9978],,omid:br/06101278684,tr,0.9999960608457724
5160653,omid:br/06602207616 doi:10.17851/1983-3652.12.3.49-68,Competencia Digital De Un Tutor E-Learning: Un Modelo Emergente De Buenas Prácticas Docentes En TIC,"Aznar Díaz, Inmaculada [omid:ra/06606596582]; Cáceres-Reche, María Pilar [omid:ra/068018161 orcid:0000-0002-6323-8054]; Romero Rodríguez, José María [omid:ra/06606596583]",3,12.0,Texto Livre [omid:br/06602208713 issn:1983-3652],49-68,2019-10-20,journal article,Universidade Federal De Minas Gerais - Pro-Reitoria De Pesquisa [omid:ra/0620116082 crossref:21381],,omid:br/06602207616,es,0.7142858581558755
2504896,omid:br/061603882658 doi:10.1386/drtp_00043_1,Drawing Age,"Barker, Garry [omid:ra/061306376691 orcid:0000-0002-1686-3738]",2,5.0,"Drawing: Research, Theory, Practice [omid:br/061701860022 issn:2057-0392 issn:2057-0384]",351-361,2020-12-01,journal article,Intellect [omid:ra/0610116043 crossref:358],,omid:br/061603882658,tl,0.9999973952698692
5106016,omid:br/06101069411 pmid:31933635 doi:10.1155/2019/9704870,Endoscopic Perspective In Cholangiocarcinoma Diagnostic Process,"Urban, Ondřej [omid:ra/0621021964 orcid:0000-0002-6705-7912]; Vanek, P. [omid:ra/06103141213]; Zoundjiekpon, V. [omid:ra/06103141214]; Falt, P. [omid:ra/06103141215]",,2019.0,Gastroenterology Research And Practice [omid:br/061025119 issn:1687-630X issn:1687-6121],1-11,2019-12-20,journal article,Hindawi Limited [omid:ra/0610116069 crossref:98],,omid:br/06101069411,it,0.7142824863603745
1835063,omid:br/06603880765 doi:10.54887/27376192.68,"Representación Antidemocrática En México 2004 –2021 De Destituida A Líder Del Movimiento De Comuneros Organizados De Los Nueve Pueblos, Clementina Adela Romero Torres, Auxiliar De Bienes Comunales En Villa Milpa Alta, Cdmx","Alarcón Romero, Iztacxochitl Adela [omid:ra/066010670090]",10,10,Democracias [omid:br/06802127481 issn:2737-6192],43-66,2022-08-18,journal article,Instituto De La Democracia [omid:ra/06806355961 crossref:33481],,omid:br/06603880765,es,0.9999978100281512
208237,omid:br/06280208219 doi:10.11323/jjmp.41.1_10,重粒子線治療装置Himacの建設とそのもたらしたもの―医学物理学の観点から―第4部.臨床研究の概要と今後の展望,"遠藤, 真広 [omid:ra/06280602492]",1,41,医学物理 [omid:br/0604607258 jid:jjmp jid:jjmp2000 issn:2186-9634 issn:1345-5354],10-21,2021-03-31,journal article,公益社団法人 日本医学物理学会 [omid:ra/06280602493],,omid:br/06280208219,ja,0.999999717841034
1763208,omid:br/062404145978 doi:10.11477/mf.1410213275,目次,[omid:ar/0624016441460],10.0,73.0,臨床眼科 [omid:br/0603971946 issn:0370-5579 issn:1882-1308],1234-1235,2019-10-15,journal article,株式会社医学書院 [omid:ra/0624011659541],,omid:br/062404145978,ko,0.9999999920269677
11209530,omid:br/06510199431 doi:10.11470/jsapmeeting.2020.2.0_1050,細胞の三次元内部構造を可視化するナノ内視鏡の創成,"宮澤, 佳甫 [omid:ra/06510546330]; Garcia, Marcos [omid:ra/06510546331]; 城川, 哲也 [omid:ra/06510546332]; 須崎, 萌 [omid:ra/06510546333]; 中村, 史 [omid:ra/06510546334]",0,2020.2,応用物理学会学術講演会講演予稿集 [omid:br/0604048064 issn:2436-7613 jid:jsapmeeting],1050-1050,2020-08-26,journal article,公益社団法人 応用物理学会 [omid:ra/06510546335],,omid:br/06510199431,ja,0.9999980859827696
170194,omid:br/061301153738 isbn:9781786808370 doi:10.2307/j.ctv2rr3gn9 isbn:9780745341613,Seeing Like A Smuggler,[omid:ar/061305052129]; [omid:ar/061305052130]; [omid:ar/061305052131],,,,,2022-07-20,book,Jstor [omid:ra/0610116012 crossref:1121],"Keshavarz, Mahmoud [omid:ra/061303504290]; Khosravi, Shahram [omid:ra/061303504291]",omid:br/061301153738,de,0.9999952271328708
7351710,omid:br/06404341944 doi:10.18261/ntfe.21.2.5,Effekter Av Merkeordningen «3 Om Dagen» Og Målrettet Ernæringskommunikasjon,"Johansen, Thor Erik [omid:ra/064012362403]; Myklebust-Hansen, Thea [omid:ra/064012362404]; Ulleberg, Ellen Kathrine [omid:ra/064012362405]",2,21,Norsk Tidsskrift For Ernæring [omid:br/06702787636 issn:2703-9609 issn:1503-5034],27-31,2023-06-16,journal article,Scandinavian University Press / Universitetsforlaget As [omid:ra/0610116081 crossref:7604],,omid:br/06404341944,no,0.9999937049671628
4850287,omid:br/06601861388 doi:10.36684/20-2020-1-103-106,Современные Тенденции Социально-Экономического Развития Государства,"Мусостова, Д.Ш. [omid:ra/06605966388]; Юсупов, А.М. [omid:ra/06605966389]",1,,Социально-экономические И Финансовые Аспекты Развития Российской Федерации И Её Регионов В Современных Условиях [omid:br/06601862246],103-106,2020-04-23,journal article,Chechen State University [omid:ra/0620116338 crossref:22662],,omid:br/06601861388,ru,0.9999991023137152
8991598,omid:br/062502197845 doi:10.35193/bseufbd.589337,Düz Disklerdeki Bilardo Akışlarının Topolojik Geçişliliği,"Sağlam, İsmail [omid:ra/062506718155]; Torun, Ahmet Refah [omid:ra/062506718156]",,7,Bilecik Şeyh Edebali Üniversitesi Fen Bilimleri Dergisi [omid:br/062502198312 issn:2458-7575],295-305,2020-03-25,journal article,Bilecik Seyh Edebali Universitesi Fen Bilimleri Dergisi [omid:ra/062506717595 crossref:20453],,omid:br/062502197845,tr,0.999998701838532
9411117,omid:br/06803962600 doi:10.36012/etr.v1i3.385,城市园林绿化管理中面临的问题及其对策,"姜, 河 [omid:ra/068011000326]",3,1.0,工程技术研究 [omid:br/061201490281 issn:2661-4340 issn:2661-4359],,2019-11-19,journal article,Encyclopaedic Publishing Pte Ltd [omid:ra/0620116415 crossref:21691],,omid:br/06803962600,zh-cn,0.9999992078389712
10655313,omid:br/06502130267 doi:10.1002/ece3.7736 pmid:34257940,Molecular Evolution Of Bumble Bee Vitellogenin And Vitellogenin‐Like Genes,"Zhao, Fang [omid:ra/06506307723]; Morandin, Claire [omid:ra/0623056905 orcid:0000-0002-0811-901X]; Jiang, Kai [omid:ra/06506307724]; Su, Tianjuan [omid:ra/06506307725]; He, Bo [omid:ra/06506307726]; Lin, Gonghua [omid:ra/06506307727 orcid:0000-0001-7670-7932]; Huang, Zuhao [omid:ra/06506307728]",13,11.0,Ecology And Evolution [omid:br/063039208 doi:10.1002/(issn)2045-7758 issn:2045-7758],8983-8992,2021-06-05,journal article,Wiley [omid:ra/0610116001 crossref:311],,omid:br/06502130267,de,0.8571130072126393
325389,omid:br/06520100506 doi:10.1007/s40278-023-30377-0,Aspirin,[omid:ar/06520445048],1,1938.0,Reactions Weekly [omid:br/061036202 issn:0114-9954 issn:1179-2051],236-236,2023-01-07,journal article,Springer Science And Business Media Llc [omid:ra/0610116006 crossref:297],,omid:br/06520100506,lt,0.9999952261779076
7530266,omid:br/06802382449 doi:10.3917/dunod.ammia.2019.01 isbn:9782100791408,La Boîte À Outils Du Coaching,"Ammiar, Belkacem [omid:ra/06807069882]; Kohneh-Chahri, Omid [omid:ra/06807069883]",,,,,2019-04-17,book,Cairn [omid:ra/0610116153 crossref:2273],,omid:br/06802382449,fr,0.7142825965234899
9654687,omid:br/06360198384 doi:10.11470/jsapmeeting.2020.1.0_1458,原子間力顕微鏡を用いたルチル型酸化チタン表面上の酸素原子の電荷状態と結合状態の制御,"安達, 有輝 [omid:ra/06360556446]; 温, 煥飛 [omid:ra/06360556447]; 張, 全震 [omid:ra/06360556448]; 宮崎, 雅大 [omid:ra/06360556449]; 菅原, 康弘 [omid:ra/06360556450]; Hongqian, Sang [omid:ra/06360556451]; Ján, Brndiar [omid:ra/06360556452]; Lev, Kantorovich [omid:ra/06360556453]; Ivan, Štich [omid:ra/06360556454]; Yanjun, Li [omid:ra/06360556455]",0,2020.1,応用物理学会学術講演会講演予稿集 [omid:br/0604048064 issn:2436-7613 jid:jsapmeeting],1458-1458,2020-02-28,journal article,公益社団法人 応用物理学会 [omid:ra/06360556456],,omid:br/06360198384,ja,0.7142862687826476
4639901,omid:br/06450296353 doi:10.11477/mf.1542202659,"増刊号 よくある質問にパッと答えられる-見開き! 検査相談室 免疫・輸血 Abo血液型のオモテ・ウラ検査の不一致がある症例の輸血検査はどのように進めたらよいですか? また,輸血用血液製剤の選択はどうするのでしょうか?","丸橋, 隆行 [omid:ra/06450770354]",4,65,臨床検査 [omid:br/0603972997 issn:1882-1367 issn:0485-1420],406-407,2021-04-15,journal article,株式会社医学書院 [omid:ra/06450770355],,omid:br/06450296353,ja,0.999999870623368
940704,omid:br/061601444436 doi:10.1002/ange.202202182,"Gezielte Dehydratisierung Als Synthesewerkzeug Zur Herstellung Eines Neuen Na 4 SnS 4 ‐Polymorphs: Kristallstruktur, Na + ‐Leitfähigkeit Und Einfluss Der Sb‐Substitution","Hartmann, Felix [omid:ra/0617042259 orcid:0000-0003-4528-8944]; Benkada, Assma [omid:ra/061604245523]; Indris, Sylvio [omid:ra/062302900 orcid:0000-0002-5100-113X]; Poschmann, Michael [omid:ra/062204951 orcid:0000-0003-4530-7420]; Lühmann, Henning [omid:ra/061604245524]; Duchstein, Patrick [omid:ra/061704082 orcid:0000-0002-9925-8639]; Zahn, Dirk [omid:ra/061604077 orcid:0000-0002-4303-3422]; Bensch, Wolfgang [omid:ra/062602162 orcid:0000-0002-3111-580X]",36,134.0,Angewandte Chemie [omid:br/0611033431 doi:10.1002/(issn)1521-3757 issn:0044-8249 issn:1521-3757],,2022-07-04,journal article,Wiley [omid:ra/0610116001 crossref:311],,omid:br/061601444436,de,0.99999458179594
2748667,omid:br/062304178354 doi:10.32181/cc.0000000279,第1特集 がんの終末期に発症するむくみ 〈報告1〉 生活環境と病状によって変更を重ねる「むくみのケア」,"奥, 朋子 [omid:ra/0623011592521]",10,24,コミュニティケア [omid:br/062304179314 issn:2758-0008],19-22,2022-08-05,journal article,株式会社日本看護協会出版会 [omid:ra/0623011592522],,omid:br/062304178354,ja,0.999999892859886
5578318,omid:br/06480294283 doi:10.15027/48873,パリ古地図のサン・ドニ通り : 1517年パリ入市式とパリ案内の書『古代の華』,"平手, 友彦 [omid:ra/06480813066]",,26,欧米文化研究 [omid:br/06480295171],59-80,2019-12-27,journal article,広島大学大学院総合科学研究科欧米文化研究会 [omid:ra/06480813067],,omid:br/06480294283,ja,0.9999999995864728
526141,omid:br/061902128714 doi:10.5209/aris.68759,El Eslabón-Arte En La Investigación En Ciencias Sociales: Revisión Y Modalidades,"Mateos Martin, Concepción [omid:ra/0621077397 orcid:0000-0002-6805-0624]; Sedeño-Valdellós, Ana [omid:ra/0621077398 orcid:0000-0003-3897-2457]",3,33,"Arte, Individuo Y Sociedad [omid:br/061902128779 issn:1131-5598 issn:1988-2408 doi:10.5209/aris doi:10.5209/rev_aris]",669-686,2021-06-21,journal article,Universidad Complutense De Madrid (Ucm) [omid:ra/0610116960 crossref:3169],,omid:br/061902128714,es,0.9999966133904234
2764872,omid:br/06330198513 doi:10.11470/jsapmeeting.2019.2.0_2598,布上印刷湿度センサの洗濯耐性評価布上印刷湿度センサの洗濯耐性評価,"駒崎, 友亮 [omid:ra/06330585048]; 金澤, 賢司 [omid:ra/06330585049]; 延島, 大樹 [omid:ra/06330585050]; 渡邉, 雄一 [omid:ra/06330585051]; 植村, 聖 [omid:ra/06330585052]",0,2019.2,応用物理学会学術講演会講演予稿集 [omid:br/0604048064 issn:2436-7613 jid:jsapmeeting],2598-2598,2019-09-04,journal article,公益社団法人 応用物理学会 [omid:ra/06330585053],,omid:br/06330198513,ja,0.8571415897955094
7063190,omid:br/062201485795 doi:10.37667/pk.2018.1059,Cariprazin,"Frei, Andreas [omid:ra/062204459949]",8,40.0,Pharma-Kritik [omid:br/062201486798 issn:1010-5409],,2019-01-23,journal article,Infomed-Verlags Ag [omid:ra/062204459858 crossref:24093],,omid:br/062201485795,hr,0.9999947095799238
2384174,omid:br/061901768592 doi:10.17352/2455-5282.000095,Conjunctival Botryomycoma: A Case Report,"Mehdi, Khamaily [omid:ra/061905255079]; Joumany Brahim, Salem [omid:ra/061905255080]; Imane, Tarib [omid:ra/061905255081]; Sidi Dahi, Mounia Bouchaar [omid:ra/061905255082]; Rachid, Zerrouk [omid:ra/061905255083]; Yassine, Mouzari [omid:ra/061905255084]; Fouad El, Asri [omid:ra/061905255085]; Karim, Reda [omid:ra/061905255086]; Abdelbarre, Oubaaz [omid:ra/061905255087]",1,7,Global Journal Of Medical And Clinical Case Reports [omid:br/061901769209 issn:2455-5282],044-045,2020-06-11,journal article,Peertechz Publications Private Limited [omid:ra/0610116371 crossref:6959],,omid:br/061901768592,es,0.714283804308406
9151411,omid:br/06290128068 doi:10.7240/jeps.1242698,Türkiye Madencilik Sektörü İş Kazalarının Analizi Ve Gelecek Perspektifleri,"Sekmen, Mustafa [omid:ra/06330212184 orcid:0000-0003-4361-3117]; Zengi̇N, Mehmet Ali [omid:ra/06290359746 orcid:0000-0001-6718-3364]",2,35.0,International Journal Of Advances In Engineering And Pure Sciences [omid:br/061401785381 issn:2636-8277],246-258,2023-07-03,journal article,Marmara University [omid:ra/0610116975 crossref:3434],,omid:br/06290128068,tr,0.9999981509216138
2595506,omid:br/062304028152 doi:10.11477/mf.1552201820,特集 リハビリテーション医療におけるソーシャルワーク 緩和ケアとソーシャルワーク,"宮田, 佳代子 [omid:ra/0623011283445]",12,47.0,総合リハビリテーション [omid:br/0604016071 issn:1882-1340 issn:0386-9822],1183-1189,2019-12-10,journal article,株式会社医学書院 [omid:ra/0623011283446],,omid:br/062304028152,ja,0.9999999174548628
1977395,omid:br/062403320525 doi:10.1007/s40319-020-00926-x,“Planet49”,Bundesverband Der Verbraucherzentralen Und Verbraucherverbände - Verbraucherzentrale Bundesverband eV V. Planet49 GmbH Directive 2002/58 As Amended By Directive 2009/136 Arts. 2F 53 Directive 95/46 Art. 2H Regulation 2016/679 Arts. 411 61A [omid:ra/062409074138],4,51,IIC - International Review Of Intellectual Property And Competition Law [omid:br/062403320905 issn:2195-0237 issn:0018-9855],527-528,2020-03-24,journal article,Springer Science And Business Media Llc [omid:ra/0610116006 crossref:297],,omid:br/062403320525,no,0.5714275320210791
10869916,omid:br/06901854510 doi:10.35355/revistafenix.v18i1.1062,Do Sertão Ao Moderno Médio Rio Doce,"Nunes De Morais, Michelle [omid:ra/06905570006]",1,18.0,Fênix - Revista De História E Estudos Culturais [omid:br/06901855112 issn:1807-6971],293-309,2021-06-28,journal article,Fenix - Revista De Historia E Estudos Culturais [omid:ra/06905569948 crossref:20759],,omid:br/06901854510,pt,0.999996229902378
4861029,omid:br/06401070586 doi:10.36074/grail-of-science.04.06.2021.041,Трансформація Прецедентних Висловлень У Мові Теленовин,"Корольова, Валерія [omid:ra/06403168994 orcid:0000-0002-7482-0517]",5,,Grail Of Science [omid:br/06401071460 issn:2710-3056],222-223,2021-06-14,journal article,European Scientific Platform (Publications) [omid:ra/0640115406 crossref:27169],,omid:br/06401070586,uk,0.9999975206518944
2097560,omid:br/06401903983 doi:10.3917/eres.vande.2019.01.0199,Déterminisme Psychiqueet Social,"Vargas Polack, Marichela [omid:ra/06405975855]",,,Dictionnaire De Sociologie Clinique [omid:br/06401904961],199-200,2019-09-05,book chapter,Cairn [omid:ra/0610116153 crossref:2273],,omid:br/06401903983,fr,0.9999964589295663
1645202,omid:br/06803864772 doi:10.17765/2176-9206.2022v15n1.e9948,Perspectivas De Brasileiros Sobre Informações Relacionadas À Covid-19: Uma Análise Baseada Na Bioética,"Fischer, Marta L [omid:ra/069044845 orcid:0000-0002-1885-0535]; Cunha, Thiago Rocha Da [omid:ra/0617031572 orcid:0000-0002-6330-2714]; Gang, Jéssica De [omid:ra/061706857428 orcid:0000-0003-2747-7434]; Rosaneli, Caroline Filla [omid:ra/068010730008]",1,15,Saúde E Pesquisa [omid:br/062501900199 issn:1983-1870 issn:2176-9206 doi:10.17765/2176-9206],1-20,2022-01-31,journal article,Centro Universitario De Maringa [omid:ra/062505834532 crossref:7170],,omid:br/06803864772,pt,0.9999960942287218
3904021,omid:br/061101340429 doi:10.22456/2177-0018.7847,Metástase De Carcinoma Folicular Tireoidiano Na Mandíbula,"Oliveira, Gustavo Saggioro [omid:ra/061104060223]; Calzavara, Sérgio [omid:ra/061104060224]; Pereira, Alessandro Antônio Costa [omid:ra/061104060225]; Consolaro, Alberto [omid:ra/061104060226]",2,36.0,Revista Da Faculdade De Odontologia De Porto Alegre [omid:br/061101341516 issn:2177-0018 issn:0566-1854],5-6,2020-04-30,journal article,Universidade Federal Do Rio Grande Do Sul [omid:ra/0610116811 crossref:9749],,omid:br/061101340429,pt,0.9999944874736812
8248202,omid:br/06270116327 doi:10.52080/rvgluz.28.102.27,Innovación Y Desempeño Empresarial: Estudio Bibliométrico,"Baca Pumarejo, José Rafael [omid:ra/062403971784 orcid:0000-0002-7014-5446]; Castañón Rodríguez, Julio César [omid:ra/06270341970 orcid:0000-0003-4396-9973]; Villanueva Hernández, Vicente [omid:ra/06270341971 orcid:0000-0002-9388-5746]",102,28.0,Revista Venezolana De Gerencia [omid:br/062401324672 issn:1315-9984 issn:2477-9423],888-908,2023-03-27,journal article,Universidad Del Zulia [omid:ra/0620116027 crossref:25670],,omid:br/06270116327,es,0.9999964711086122
2139026,omid:br/061802009769 doi:10.1007/s42451-020-00217-2,78/W Mit Neu Aufgetretener Hemiparese Und Hemineglect Links,"Weber, R. [omid:ra/061805869296]",S1,3,DGNeurologie [omid:br/061802010191 issn:2524-3446 issn:2524-3454],25-28,2020-08-07,journal article,Springer Science And Business Media Llc [omid:ra/0610116006 crossref:297],,omid:br/061802009769,de,0.9999948285628392
11133167,omid:br/0680728268 doi:10.16986/huje.2020065266,"Okul Dışı Öğrenme Ortamları Kılavuzlarının Fizik, Kimya Ve Biyoloji Ders İçeriklerinin Kazanım Ve Mekân Değişkenlerine Göre İncelenmesi","Batman, Demet [omid:ra/06802120628]; Aslan, Ayşegül [omid:ra/06802120629]; Durukan, Ümmü Gülsüm [omid:ra/06802120630]",,,Hacettepe University Journal Of Education [omid:br/0680729322 issn:1300-5340],1-38,2020-12-19,journal article,Hacettepe University Journal Of Education [omid:ra/06802120623 crossref:6791],,omid:br/0680728268,tr,0.9999990257019704
9222590,omid:br/06380240610 doi:10.19020/cd.0000002070,特集 多職種連携による透析医療 3.透析医療における多職種連携-職種別の役割(5)フレイル・サルコペニアを有した高齢透析患者への栄養介入-管理栄養士の役割,"小川, 晴久 [omid:ra/06380619769]",3.0,38.0,臨床透析 [omid:br/0604084384 issn:2433-247X issn:0910-5808],272-277,2022-03-10,journal article,日本メディカルセンター [omid:ra/06380619770],,omid:br/06380240610,ja,0.8571425382634205
5503705,omid:br/06450220027 doi:10.11477/mf.1402226137,増刊号 一人でも慌てない!-「こんなときどうする?」の処方箋85 どうする? 内分泌 26 これって甲状腺機能低下症?,"丸山, 尊 [omid:ra/06450597539]",4,56.0,Medicina [omid:br/0603989857 issn:1882-1189 issn:0025-7699],144-147,2019-04-01,journal article,株式会社医学書院 [omid:ra/06450597540],,omid:br/06450220027,ja,0.9999999971839096
10356762,omid:br/06102403423 doi:10.17798/bitlisfen.566046,Mekanik Alaşımlama Yöntemi Ile Üretilen Nanoyapılı Al66Co20Cu14 Tozlarının Termal Ve Mikroyapısal Özellikleri,"Okumuş, Mustafa [omid:ra/06106881433]",1,9,Bitlis Eren Üniversitesi Fen Bilimleri Dergisi [omid:br/06102403809 issn:2147-3129],366-375,2020-03-13,journal article,Bitlis Eren Universitesi Fen Bilimleri Dergisi [omid:ra/0660115540 crossref:7203],,omid:br/06102403423,tr,0.9999991213885984
2723456,omid:br/06103959119 doi:10.3917/sopr.045.0041,Les Centres Municipaux De Santé : Un Dispositif Au Cœur Des Politiques Locales De Santé Et De Leurs Tensions,"Martinache, Igor [omid:ra/061010601985]",2,N° 45,Sociologies Pratiques [omid:br/061402199741 issn:1295-9278 issn:2104-3787],41-51,2022-11-14,journal article,Cairn [omid:ra/0610116153 crossref:2273],,omid:br/06103959119,fr,0.9999948852304512
5660063,omid:br/06102139558 doi:10.30680/eco0131-7652-2019-5-48-65,К Вопросу О Сохранении Человеческого Капитала На Востоке России: Жизнь Учителя И Врача После «Майских Указов»,"Глазырина, И. П. [omid:ra/06106175154]; Фалейчик, Л. М. [omid:ra/06106175155]",5,49.0,Журнал «ЭКО» [omid:br/06102140517 issn:2686-7605 issn:0131-7652],48-48,2019-05-12,journal article,Eco Journal [omid:ra/06106175067 crossref:12132],,omid:br/06102139558,ru,0.9999948794950876
7206140,omid:br/06901889281 doi:10.31475/ped.dys.2021.30.04,Дослідницька Діяльність Університетів: Проблеми Оцінювання,"Регейло, Ірина Юріївна [omid:ra/0623090479 orcid:0000-0003-0512-2456]; Базелюк, Наталія Валеріївна [omid:ra/065091214 orcid:0000-0001-6156-1897]",30,,Педагогічний Дискурс [omid:br/06901889901 issn:2309-9127 issn:2313-8769],32-43,2021-04-30,journal article,Khmelnytskyi Humanitarian-Pedagogical Academy [omid:ra/0650115798 crossref:16543],,omid:br/06901889281,uk,0.999999324489649
4599379,omid:br/062603884653 doi:10.5281/zenodo.3672108,"Genocidio, Feminicidio, Juvenicidio. Naturaleza, Comparaciones, Polémicas","Pérez Caballero, Jesús [omid:ra/0604609 orcid:0000-0002-1988-274X]",,,,,2019-11-28,book chapter,Zenodo [omid:ra/0626010775937],,omid:br/062603884653,es,0.9999935296301924
620653,omid:br/062503894200 doi:10.5281/zenodo.6683415,"Symplecis Anaeratabettensis Ranjith & Humala & Priyadarsanan 2022, Sp. Nov.",Humala Andrei E. [omid:ra/0625011038290]; Priyadarsanan Dharma Rajan [omid:ra/0625011038291]; Ranjith Avunjikkattu Parambil [omid:ra/06011450732 orcid:0000-0001-7061-9659],,,,,2022-06-22,,Zenodo [omid:ra/0625011038292],,omid:br/062503894200,id,0.9999974725152104
